$SeqSOR,$Solver,$SeqGS,$GradientSolver,$CGSolver,$LoopSolver,$BiCGSTABSolver,$Precon,$pre,$cells,$post,$<Performance
1,1,0,1,0,0,0,1,2,50,5,7319.55857143
0,1,1,0,0,1,0,1,1,50,0,13218.6892857
1,1,0,0,0,1,0,1,0,51,4,7655.85535714
0,1,1,0,0,1,0,1,2,52,1,11976.6642857
0,1,1,0,0,1,0,1,2,53,6,9882.7925
0,1,1,1,0,0,0,1,2,51,2,9154.70392857
0,1,1,0,0,0,1,1,1,53,2,10050.6425
0,1,1,1,0,0,0,1,1,51,0,11569.4892857
0,1,1,0,0,1,0,1,3,51,5,9130.73964286
0,1,1,0,0,1,0,1,2,55,3,10580.7214286
1,1,0,0,0,0,1,1,3,50,1,9600.6725
1,1,0,0,1,0,0,1,4,50,5,7374.26321429
1,1,0,0,0,0,1,1,2,50,1,9632.08392857
0,1,1,0,1,0,0,1,4,52,1,12330.3535714
0,1,1,0,0,0,1,1,0,53,2,10082.8635714
1,1,0,0,0,0,1,1,3,53,5,10800.9892857
0,1,1,1,0,0,0,1,0,50,6,6634.9125
0,1,1,0,1,0,0,1,4,50,1,8753.80071429
0,1,1,1,0,0,0,1,4,53,6,7731.51535714
1,1,0,0,0,0,1,1,1,54,5,11265.4857143
0,1,1,0,0,0,1,1,3,53,4,9883.89035714
0,1,1,0,0,0,1,1,4,50,5,6610.51892857
0,1,1,1,0,0,0,1,0,52,6,7435.68892857
0,1,1,1,0,0,0,1,3,53,3,10056.9264286
1,1,0,0,0,0,1,1,1,54,1,14143.6392857
1,1,0,0,0,1,0,1,4,55,5,11726.9535714
0,1,1,0,0,1,0,1,1,52,0,16783.8857143
0,1,1,0,1,0,0,1,1,50,3,8795.10821429
0,1,1,1,0,0,0,1,5,54,5,7640.62535714
0,1,1,1,0,0,0,1,1,55,6,7958.74
1,1,0,0,0,1,0,1,0,53,4,10802.3642857
0,1,1,0,0,1,0,1,1,51,2,6867.65142857
0,1,1,0,0,0,1,1,2,50,3,8872.17607143
0,1,1,0,0,0,1,1,1,52,2,9805.19964286
1,1,0,0,1,0,0,1,5,52,4,10486.1571429
0,1,1,0,0,1,0,1,6,51,5,6837.88607143
0,1,1,0,0,0,1,1,0,53,1,22299.7035714
1,1,0,0,1,0,0,1,5,55,1,14562.4678571
0,1,1,1,0,0,0,1,3,54,6,7818.40714286
0,1,1,0,0,1,0,1,1,54,3,10409.4535714
1,1,0,0,0,1,0,1,2,55,4,11676.9821429
1,1,0,1,0,0,0,1,1,54,5,11257.6142857
1,1,0,0,0,1,0,1,1,55,0,23177.1071429
0,1,1,0,1,0,0,1,0,52,2,12169.2
1,1,0,1,0,0,0,1,0,50,2,9772.77928571
1,1,0,0,0,0,1,1,0,53,2,10826.9321429
1,1,0,0,1,0,0,1,0,50,1,24028.2035714
0,1,1,1,0,0,0,1,5,51,5,6927.42892857
1,1,0,0,0,0,1,1,1,55,2,11633.6535714
0,1,1,0,1,0,0,1,4,53,5,9905.07214286
1,1,0,0,1,0,0,1,3,53,3,10826.4964286
1,1,0,0,0,0,1,1,5,55,0,14520.9714286
1,1,0,0,0,0,1,1,5,52,2,10590.05
0,1,1,0,1,0,0,1,1,50,2,8919.20464286
1,1,0,0,0,0,1,1,3,55,0,17558.5857143
1,1,0,0,0,1,0,1,0,51,1,14992.3785714
0,1,1,1,0,0,0,1,3,55,3,10639.2107143
1,1,0,0,1,0,0,1,5,50,5,7214.21928571
0,1,1,0,1,0,0,1,2,52,6,7308.23321429
1,1,0,0,0,0,1,1,0,51,5,10108.1610714
0,1,1,0,0,1,0,1,4,52,6,7429.70607143
0,1,1,0,0,1,0,1,3,54,6,10194.5142857
0,1,1,0,1,0,0,1,6,50,6,6831.62
0,1,1,1,0,0,0,1,3,52,3,9742.04928571
0,1,1,1,0,0,0,1,3,54,4,10614.7321429
0,1,1,0,1,0,0,1,0,54,1,30644.5714286
1,1,0,0,1,0,0,1,4,54,2,11187.9178571
1,1,0,0,0,0,1,1,1,51,2,10018.9082143
0,1,1,1,0,0,0,1,1,50,1,11102.3214286
1,1,0,1,0,0,0,1,5,51,3,7626.63321429
0,1,1,0,0,1,0,1,6,52,4,9796.39321429
1,1,0,1,0,0,0,1,3,52,5,7818.22035714
1,1,0,1,0,0,0,1,2,51,5,7605.79214286
0,1,1,0,0,1,0,1,4,52,5,7286.39035714
0,1,1,0,0,0,1,1,5,53,0,14824.0964286
0,1,1,1,0,0,0,1,0,55,5,10566.8607143
1,1,0,0,0,0,1,1,0,55,5,11634.0928571
0,1,1,0,0,0,1,1,1,55,4,10625.5928571
1,1,0,0,0,1,0,1,0,55,5,11631.5035714
0,1,1,0,0,0,1,1,4,54,0,15478.7392857
0,1,1,0,1,0,0,1,2,55,0,18612.925
1,1,0,1,0,0,0,1,4,52,3,10482.2964286
0,1,1,0,1,0,0,1,5,52,6,7479.9975
1,1,0,1,0,0,0,1,2,52,6,7893.02785714
0,1,1,0,1,0,0,1,6,55,3,10633.1142857
1,1,0,0,1,0,0,1,4,50,1,12111.3214286
0,1,1,0,0,0,1,1,0,52,2,9602.47928571
0,1,1,0,1,0,0,1,0,51,2,11420.8357143
0,1,1,1,0,0,0,1,5,51,1,9100.62928571
0,1,1,1,0,0,0,1,5,52,1,9757.88857143
0,1,1,0,0,0,1,1,4,53,4,10003.8414286
0,1,1,0,0,1,0,1,0,51,4,6884.06214286
0,1,1,0,0,1,0,1,5,50,0,6713.29607143
1,1,0,0,0,1,0,1,4,50,0,7303.24642857
1,1,0,1,0,0,0,1,6,54,1,11234.4607143
0,1,1,0,0,0,1,1,1,52,6,7274.24178571
0,1,1,1,0,0,0,1,6,54,3,7669.56571429
1,1,0,1,0,0,0,1,4,53,6,8222.68285714
1,1,0,0,1,0,0,1,3,50,4,9677.89035714
0,1,1,0,1,0,0,1,3,54,2,10333.8
1,1,0,0,0,1,0,1,5,51,2,7644.74107143
1,1,0,0,1,0,0,1,3,53,1,13598.4285714
0,1,1,0,1,0,0,1,0,53,3,10214.8507143
0,1,1,0,1,0,0,1,2,54,3,10300.5
1,1,0,0,0,0,1,1,5,53,6,10829.1071429
0,1,1,1,0,0,0,1,5,50,4,6669.8675
1,1,0,1,0,0,0,1,0,55,4,11601.6928571
1,1,0,0,0,0,1,1,0,50,4,9826.56714286
1,1,0,0,1,0,0,1,4,53,3,10966.3857143
0,1,1,0,0,1,0,1,0,53,1,12337.825
0,1,1,1,0,0,0,1,5,51,0,11482.7821429
1,1,0,0,1,0,0,1,4,51,1,12523.3
0,1,1,0,0,1,0,1,1,52,3,7312.14785714
0,1,1,0,0,1,0,1,1,55,2,10562.5107143
0,1,1,0,1,0,0,1,5,50,4,8791.95107143
0,1,1,0,0,1,0,1,5,51,0,9219.00821429
1,1,0,1,0,0,0,1,3,54,2,11202.4464286
1,1,0,0,0,0,1,1,6,54,1,11309.2071429
0,1,1,0,1,0,0,1,4,54,0,15293.2214286
1,1,0,0,0,0,1,1,3,52,2,10485.4178571
1,1,0,0,0,1,0,1,1,50,4,7210.24107143
1,1,0,0,1,0,0,1,5,54,2,11262.85
1,1,0,0,0,0,1,1,2,54,0,16810.9714286
0,1,1,0,0,0,1,1,3,52,2,9541.00928571
0,1,1,0,1,0,0,1,0,51,3,9131.80892857
1,1,0,1,0,0,0,1,0,54,1,22407.6321429
0,1,1,0,0,0,1,1,6,50,2,8846.36714286
0,1,1,0,0,1,0,1,5,55,5,10549.2142857
0,1,1,1,0,0,0,1,0,51,4,9123.34321429
1,1,0,1,0,0,0,1,4,51,6,7625.39035714
0,1,1,0,0,1,0,1,4,53,3,9841.75392857
1,1,0,1,0,0,0,1,5,51,1,10032.1789286
0,1,1,0,0,0,1,1,0,52,1,19297.9535714
0,1,1,0,0,1,0,1,0,52,2,9646.16035714
0,1,1,0,0,0,1,1,6,55,1,10685.2535714
0,1,1,0,1,0,0,1,4,52,2,9888.01857143
0,1,1,0,0,1,0,1,6,51,4,6893.9875
0,1,1,0,0,1,0,1,4,53,0,12314.2107143
0,1,1,0,1,0,0,1,5,55,4,10611.6892857
1,1,0,0,1,0,0,1,3,52,3,10519.5964286
1,1,0,0,1,0,0,1,3,50,6,7206.39142857
1,1,0,0,0,0,1,1,6,50,2,9650.70785714
1,1,0,1,0,0,0,1,3,50,6,7261.77214286
0,1,1,1,0,0,0,1,0,51,6,6950.10607143
1,1,0,0,1,0,0,1,5,54,4,11211.1857143
0,1,1,0,1,0,0,1,0,50,4,8752.99321429
1,1,0,0,0,0,1,1,0,53,6,10882.9285714
1,1,0,0,0,0,1,1,6,53,0,13489.0678571
1,1,0,0,0,1,0,1,0,52,5,7943.97678571
0,1,1,0,0,1,0,1,5,55,1,10708.6821429
1,1,0,0,1,0,0,1,6,54,1,14082.4607143
1,1,0,1,0,0,0,1,2,54,5,11269.8428571
1,1,0,0,0,1,0,1,6,51,1,7668.06714286
1,1,0,0,1,0,0,1,0,54,4,11294.9821429
1,1,0,0,0,0,1,1,3,50,2,9661.805
1,1,0,1,0,0,0,1,0,54,3,11219.3035714
0,1,1,0,0,0,1,1,1,50,1,11001.0964286
1,1,0,1,0,0,0,1,0,51,1,19957.0678571
0,1,1,1,0,0,0,1,6,52,6,7407.595
0,1,1,0,0,1,0,1,3,53,1,10010.3910714
1,1,0,0,1,0,0,1,5,51,4,10042.5560714
1,1,0,0,0,0,1,1,5,52,5,10494.3142857
0,1,1,0,0,0,1,1,1,54,5,10385.9964286
1,1,0,1,0,0,0,1,0,54,4,11245.5142857
0,1,1,0,1,0,0,1,4,54,4,10212.6892857
0,1,1,1,0,0,0,1,5,50,2,8774.99928571
0,1,1,0,0,1,0,1,1,52,4,7265.19214286
1,1,0,0,0,0,1,1,2,53,1,10844.3428571
0,1,1,1,0,0,0,1,6,52,0,9797.4275
0,1,1,0,0,1,0,1,0,52,4,7270.34892857
0,1,1,0,0,1,0,1,4,52,3,9725.62892857
0,1,1,0,1,0,0,1,3,53,4,10207.7410714
0,1,1,0,0,1,0,1,1,50,2,4422.17214286
1,1,0,0,0,1,0,1,4,55,2,11742.775
1,1,0,1,0,0,0,1,0,52,4,10478.1607143
1,1,0,1,0,0,0,1,3,54,6,8476.71214286
0,1,1,0,0,0,1,1,5,54,1,10406.0285714
0,1,1,0,1,0,0,1,0,55,3,10613.8285714
0,1,1,0,0,1,0,1,5,52,4,7234.39607143
1,1,0,0,0,0,1,1,5,50,0,12077.6928571
1,1,0,0,0,0,1,1,1,50,4,9633.61607143
1,1,0,0,0,1,0,1,2,50,0,9782.72107143
1,1,0,0,1,0,0,1,2,53,6,10785.6428571
0,1,1,1,0,0,0,1,6,53,4,7564.95642857
1,1,0,0,0,0,1,1,1,54,6,11243.675
0,1,1,0,0,1,0,1,4,54,5,10239.6142857
0,1,1,0,0,1,0,1,4,51,0,9564.535
1,1,0,0,0,0,1,1,0,51,6,9997.685
1,1,0,0,0,1,0,1,2,55,1,14508.825
1,1,0,0,0,0,1,1,5,53,2,10824.6071429
1,1,0,0,0,1,0,1,3,51,1,10107.5275
1,1,0,0,0,1,0,1,3,55,5,11635.9714286
0,1,1,0,1,0,0,1,6,54,4,10369.0714286
1,1,0,0,1,0,0,1,0,55,3,11645.6928571
1,1,0,1,0,0,0,1,3,52,1,10674.8357143
0,1,1,0,1,0,0,1,5,54,1,12881.475
0,1,1,0,1,0,0,1,1,50,6,6647.82464286
0,1,1,0,1,0,0,1,3,54,1,12802.1321429
1,1,0,0,1,0,0,1,2,55,1,14543.0285714
1,1,0,1,0,0,0,1,5,53,5,8250.77964286
0,1,1,1,0,0,0,1,0,52,1,19209.4178571
0,1,1,0,0,1,0,1,2,55,4,10591.3071429
0,1,1,0,1,0,0,1,0,55,5,10588.7535714
0,1,1,0,1,0,0,1,6,51,1,9188.26892857
1,1,0,0,0,0,1,1,5,53,1,10849.9428571
0,1,1,1,0,0,0,1,0,51,5,9104.08
0,1,1,0,1,0,0,1,5,52,5,7328.25785714
0,1,1,0,0,0,1,1,2,55,5,10725.0357143
1,1,0,1,0,0,0,1,0,55,6,11638.6357143
0,1,1,0,0,0,1,1,2,52,4,9765.26714286
0,1,1,0,0,1,0,1,3,51,6,9166.82928571
0,1,1,1,0,0,0,1,2,54,6,7771.37357143
1,1,0,0,0,0,1,1,6,54,3,11298.6607143
1,1,0,0,1,0,0,1,5,50,4,9639.53392857
0,1,1,1,0,0,0,1,2,52,0,12435.0928571
0,1,1,0,0,1,0,1,2,50,1,8892.2525
0,1,1,0,1,0,0,1,6,52,6,7203.80214286
0,1,1,1,0,0,0,1,1,50,0,11118.8178571
1,1,0,0,0,0,1,1,3,53,4,10837.4
0,1,1,1,0,0,0,1,6,50,6,6690.71535714
0,1,1,0,0,0,1,1,6,52,1,9528.75964286
0,1,1,0,0,1,0,1,6,55,1,10563.2785714
1,1,0,0,1,0,0,1,6,50,5,7289.83678571
0,1,1,0,0,0,1,1,4,53,3,9903.71392857
0,1,1,0,0,1,0,1,4,53,2,9963.19285714
1,1,0,1,0,0,0,1,4,53,0,13656.0678571
1,1,0,0,1,0,0,1,1,52,3,10548.2928571
0,1,1,1,0,0,0,1,2,51,0,11409.2357143
0,1,1,1,0,0,0,1,1,51,6,6866.97892857
1,1,0,0,1,0,0,1,1,52,1,13142.1071429
1,1,0,0,0,0,1,1,3,55,5,11626.8035714
1,1,0,0,0,1,0,1,3,53,0,13480.6535714
1,1,0,0,0,0,1,1,6,51,3,9986.33571429
1,1,0,0,0,1,0,1,6,53,0,13583.1035714
1,1,0,0,0,0,1,1,3,55,1,11651.1607143
1,1,0,0,1,0,0,1,3,53,6,10913.05
1,1,0,1,0,0,0,1,3,53,4,8241.10071429
1,1,0,0,0,1,0,1,2,50,2,7246.22857143
0,1,1,1,0,0,0,1,4,51,3,6850.20607143
0,1,1,0,1,0,0,1,6,50,4,9031.66214286
1,1,0,1,0,0,0,1,0,54,5,11291.7142857
0,1,1,0,1,0,0,1,5,50,6,6760.67928571
0,1,1,0,0,1,0,1,5,51,1,7023.92392857
0,1,1,0,0,1,0,1,5,54,3,10259.325
0,1,1,1,0,0,0,1,3,55,5,7943.47285714
0,1,1,0,1,0,0,1,0,55,6,10604.2821429
0,1,1,0,0,0,1,1,3,53,3,9933.66821429
1,1,0,0,0,1,0,1,1,51,4,10155.8503571
0,1,1,0,1,0,0,1,5,54,4,10387.1928571
0,1,1,1,0,0,0,1,2,52,4,9934.675
0,1,1,0,1,0,0,1,2,53,2,9895.98071429
1,1,0,0,0,0,1,1,4,54,4,11267.7321429
1,1,0,0,0,1,0,1,3,51,6,9968.72357143
0,1,1,1,0,0,0,1,3,52,2,9799.10821429
0,1,1,0,1,0,0,1,5,55,2,10535.8428571
0,1,1,0,1,0,0,1,3,52,6,7284.31
1,1,0,0,0,1,0,1,0,53,6,10804.9285714
1,1,0,0,1,0,0,1,5,53,0,16139.2428571
1,1,0,0,0,0,1,1,6,53,4,10816.3285714
1,1,0,0,0,1,0,1,2,52,5,10607.5607143
1,1,0,0,0,0,1,1,6,55,2,11635.6285714
1,1,0,0,0,1,0,1,6,53,1,10809.7571429
1,1,0,0,0,1,0,1,1,54,4,11255.0678571
0,1,1,0,0,0,1,1,4,50,0,11059.2357143
0,1,1,0,0,1,0,1,3,55,1,13195.4142857
1,1,0,0,1,0,0,1,1,55,1,14887.4607143
1,1,0,1,0,0,0,1,1,50,3,9645.07428571
0,1,1,0,0,0,1,1,0,50,1,13537.7107143
1,1,0,0,0,1,0,1,5,50,3,9638.30785714
1,1,0,0,0,1,0,1,6,52,2,10516.3928571
0,1,1,0,0,0,1,1,6,53,4,9957.4675
0,1,1,1,0,0,0,1,3,53,1,10339.8925
1,1,0,0,0,0,1,1,2,52,4,10408.4035714
0,1,1,0,1,0,0,1,0,51,4,9169.55928571
0,1,1,0,0,1,0,1,4,53,4,9857.06142857
1,1,0,0,0,0,1,1,6,51,1,9990.495
0,1,1,0,0,0,1,1,4,52,6,7264.46178571
1,1,0,0,0,0,1,1,3,51,1,10055.0607143
1,1,0,0,0,0,1,1,6,52,5,7813.93571429
1,1,0,0,0,1,0,1,3,54,3,11320.8714286
1,1,0,0,0,1,0,1,2,52,1,13067.0214286
1,1,0,1,0,0,0,1,2,51,1,10059.7175
1,1,0,0,1,0,0,1,1,53,5,10805.8142857
1,1,0,0,0,0,1,1,1,53,0,24285.6785714
0,1,1,0,1,0,0,1,4,55,1,13243.4071429
0,1,1,0,1,0,0,1,2,51,4,9158.33071429
1,1,0,0,0,0,1,1,6,50,5,7258.03642857
1,1,0,0,0,1,0,1,0,51,5,7539.12785714
1,1,0,0,1,0,0,1,0,55,2,14550.1607143
1,1,0,1,0,0,0,1,4,54,5,8441.65714286
0,1,1,1,0,0,0,1,6,50,5,6773.45785714
1,1,0,1,0,0,0,1,1,50,1,12123.7714286
1,1,0,1,0,0,0,1,5,52,6,7851.34285714
0,1,1,0,1,0,0,1,1,53,1,12579.1214286
0,1,1,1,0,0,0,1,2,55,3,10595.8428571
1,1,0,0,1,0,0,1,3,53,2,10881.8464286
1,1,0,0,0,0,1,1,5,53,4,10809.2821429
1,1,0,0,1,0,0,1,6,51,0,15188.375
0,1,1,0,1,0,0,1,1,51,5,9112.8925
0,1,1,1,0,0,0,1,3,52,1,9729.7375
0,1,1,0,0,1,0,1,5,51,6,6868.43
0,1,1,0,0,0,1,1,6,50,0,11050.1857143
0,1,1,1,0,0,0,1,5,51,4,6861.115
0,1,1,0,0,1,0,1,0,51,2,9248.38678571
0,1,1,0,0,0,1,1,1,50,2,8793.11928571
1,1,0,0,0,0,1,1,5,50,5,7237.58071429
1,1,0,0,1,0,0,1,0,53,6,10842.3035714
0,1,1,0,0,0,1,1,2,55,6,10679.9964286
0,1,1,1,0,0,0,1,3,51,1,9118.50928571
0,1,1,0,0,1,0,1,1,51,1,9078.67964286
1,1,0,0,1,0,0,1,5,53,3,10840.2107143
0,1,1,1,0,0,0,1,1,50,2,8840.39714286
1,1,0,0,1,0,0,1,0,53,1,27226.2285714
0,1,1,0,0,0,1,1,2,51,6,7029.80071429
0,1,1,1,0,0,0,1,6,55,6,8003.48464286
0,1,1,0,0,1,0,1,0,51,6,6890.20785714
0,1,1,1,0,0,0,1,5,54,6,7675.25142857
0,1,1,0,1,0,0,1,0,52,4,9623.4025
0,1,1,1,0,0,0,1,6,51,6,6961.49321429
1,1,0,0,1,0,0,1,5,53,5,10863.0535714
0,1,1,0,0,1,0,1,0,55,3,10584.4321429
1,1,0,0,0,1,0,1,4,51,4,7551.1625
0,1,1,0,0,0,1,1,4,54,6,10358.7285714
1,1,0,0,1,0,0,1,6,54,0,16868.75
1,1,0,0,1,0,0,1,1,53,6,10848.5
1,1,0,0,0,1,0,1,6,53,4,10863.9928571
0,1,1,0,0,0,1,1,3,55,1,10632.4892857
0,1,1,0,0,0,1,1,2,52,6,7140.00821429
0,1,1,1,0,0,0,1,5,53,6,7538.66428571
0,1,1,0,0,1,0,1,5,53,6,9875.15607143
0,1,1,1,0,0,0,1,1,51,1,11514.7857143
0,1,1,0,0,0,1,1,0,52,4,9626.65428571
0,1,1,0,0,1,0,1,6,53,5,9863.00535714
0,1,1,0,1,0,0,1,4,53,1,12724.9357143
0,1,1,1,0,0,0,1,3,54,0,12887.3
1,1,0,0,1,0,0,1,1,50,1,12174.1321429
1,1,0,0,0,0,1,1,1,53,5,10802.0035714
0,1,1,0,0,0,1,1,4,51,3,9269.61642857
0,1,1,0,1,0,0,1,1,50,1,10996.8428571
0,1,1,1,0,0,0,1,6,51,3,6819.45214286
0,1,1,1,0,0,0,1,5,55,1,10623.8071429
1,1,0,1,0,0,0,1,6,54,5,8478.07285714
0,1,1,0,1,0,0,1,6,53,2,10082.1046429
1,1,0,0,0,1,0,1,3,53,1,13501.4785714
0,1,1,0,0,0,1,1,3,50,3,8996.18357143
1,1,0,0,0,1,0,1,6,51,5,10097.345
1,1,0,0,1,0,0,1,5,51,2,9969.91535714
1,1,0,1,0,0,0,1,1,51,6,7519.95214286
0,1,1,0,0,1,0,1,1,50,6,6656.53642857
0,1,1,0,1,0,0,1,3,52,1,11967.7071429
1,1,0,1,0,0,0,1,4,54,2,11281.0678571
1,1,0,0,0,0,1,1,2,55,4,11804.7821429
1,1,0,0,0,1,0,1,2,50,3,7452.555
0,1,1,0,1,0,0,1,6,50,5,6575.88571429
1,1,0,0,1,0,0,1,4,53,4,10878.0821429
0,1,1,0,1,0,0,1,1,55,4,10579.5285714
1,1,0,0,0,1,0,1,0,52,3,8712.97892857
1,1,0,1,0,0,0,1,2,55,6,8836.48785714
1,1,0,0,1,0,0,1,1,52,6,7833.24321429
1,1,0,0,1,0,0,1,3,54,3,11444.55
0,1,1,0,0,1,0,1,3,55,4,10546.8464286
1,1,0,0,0,0,1,1,6,53,6,10798.1107143
0,1,1,0,0,0,1,1,5,53,3,9961.51
0,1,1,0,0,1,0,1,6,54,4,10259.8
0,1,1,0,0,0,1,1,4,53,6,9940.32035714
0,1,1,0,0,0,1,1,6,53,5,9932.90071429
1,1,0,1,0,0,0,1,3,54,5,8412.30285714
1,1,0,0,0,1,0,1,4,55,4,11607.0535714
1,1,0,1,0,0,0,1,0,55,5,11601.7571429
1,1,0,1,0,0,0,1,4,53,1,10776.5785714
1,1,0,0,1,0,0,1,4,55,2,11612.6
1,1,0,0,1,0,0,1,4,54,1,14046.1785714
1,1,0,1,0,0,0,1,2,51,4,10070.6785714
0,1,1,0,1,0,0,1,4,50,3,8934.92107143
1,1,0,1,0,0,0,1,6,52,3,7852.42071429
0,1,1,0,0,0,1,1,3,50,0,11076.6535714
0,1,1,0,1,0,0,1,3,50,2,8782.96607143
0,1,1,0,0,1,0,1,4,55,3,10568.8607143
1,1,0,0,0,1,0,1,1,52,5,7931.46642857
1,1,0,0,0,0,1,1,5,52,6,7824.95464286
0,1,1,0,0,0,1,1,6,54,6,7800.35642857
0,1,1,0,1,0,0,1,4,53,3,10018.7207143
0,1,1,0,0,1,0,1,5,55,2,10644.1071429
0,1,1,0,0,1,0,1,4,55,1,13235.1214286
0,1,1,0,0,0,1,1,0,54,3,10420.0285714
1,1,0,0,0,0,1,1,4,53,3,10787.5392857
0,1,1,0,0,1,0,1,4,54,4,10204.1142857
0,1,1,1,0,0,0,1,5,55,6,7918.33821429
0,1,1,1,0,0,0,1,4,54,0,12952.2392857
0,1,1,0,0,0,1,1,0,55,2,10636.5857143
0,1,1,0,1,0,0,1,2,50,3,8908.75178571
1,1,0,0,1,0,0,1,6,52,6,7873.81392857
0,1,1,0,0,0,1,1,6,50,3,8820.95928571
0,1,1,0,1,0,0,1,1,54,0,48364.6357143
1,1,0,1,0,0,0,1,0,52,6,7825.00142857
0,1,1,0,0,0,1,1,3,54,2,10434.6678571
0,1,1,1,0,0,0,1,6,50,1,8905.15285714
1,1,0,1,0,0,0,1,6,52,1,10448.025
1,1,0,0,0,1,0,1,4,53,4,10889.5535714
0,1,1,0,0,0,1,1,6,55,2,10703.05
0,1,1,1,0,0,0,1,2,54,4,10246.8607143
1,1,0,0,0,0,1,1,1,51,4,10116.5739286
1,1,0,0,0,0,1,1,5,52,3,10491.475
1,1,0,0,0,1,0,1,0,50,4,7325.935
0,1,1,0,1,0,0,1,6,53,1,12628.9714286
1,1,0,0,0,0,1,1,2,53,6,10945.2107143
0,1,1,0,0,1,0,1,3,54,4,10312.175
1,1,0,0,0,0,1,1,2,53,5,10793.6214286
1,1,0,0,0,0,1,1,4,52,6,7884.84857143
0,1,1,0,1,0,0,1,2,53,1,12505.8571429
1,1,0,1,0,0,0,1,3,54,3,11178.75
0,1,1,0,0,1,0,1,3,50,5,8855.00571429
0,1,1,1,0,0,0,1,5,52,3,7495.6925
1,1,0,0,1,0,0,1,6,55,6,11671.775
1,1,0,0,0,1,0,1,6,50,1,7241.79928571
1,1,0,1,0,0,0,1,6,50,3,7368.38857143
1,1,0,0,0,0,1,1,0,53,5,10808.0178571
1,1,0,0,0,1,0,1,4,50,2,9615.6225
0,1,1,0,0,0,1,1,6,51,0,11520.9535714
1,1,0,0,1,0,0,1,6,50,6,7332.30357143
0,1,1,0,0,1,0,1,5,50,1,8825.81428571
1,1,0,1,0,0,0,1,1,51,3,10000.7539286
1,1,0,0,0,1,0,1,4,50,5,9618.49285714
1,1,0,0,1,0,0,1,2,51,3,9968.66071429
1,1,0,0,0,0,1,1,6,55,0,14640.8214286
0,1,1,0,1,0,0,1,5,51,1,9092.01428571
0,1,1,0,0,0,1,1,5,52,4,9702.8275
1,1,0,1,0,0,0,1,2,54,3,11330.1
0,1,1,0,1,0,0,1,2,51,0,15935.7785714
1,1,0,0,0,0,1,1,0,55,2,14723.1285714
1,1,0,1,0,0,0,1,5,54,3,11220.5214286
0,1,1,0,1,0,0,1,0,51,5,9079.32821429
1,1,0,0,1,0,0,1,4,55,0,17379.4428571
0,1,1,0,1,0,0,1,4,55,5,10702.6428571
1,1,0,1,0,0,0,1,6,52,0,13103.4964286
0,1,1,1,0,0,0,1,2,51,5,6913.94892857
0,1,1,0,0,0,1,1,2,50,6,6652.70714286
0,1,1,0,1,0,0,1,4,53,4,10279.7896429
0,1,1,0,1,0,0,1,5,54,6,10719.7714286
0,1,1,0,0,0,1,1,5,53,4,9884.145
0,1,1,0,0,1,0,1,0,55,1,15933.1321429
1,1,0,0,1,0,0,1,4,50,0,14411.4178571
1,1,0,0,1,0,0,1,4,53,0,16231.9821429
1,1,0,1,0,0,0,1,1,51,4,9972.01857143
1,1,0,1,0,0,0,1,1,54,6,8441.93642857
1,1,0,0,0,1,0,1,0,53,2,11090.3571429
1,1,0,0,1,0,0,1,3,55,5,11588.9142857
1,1,0,0,0,0,1,1,2,54,4,11201.6714286
0,1,1,1,0,0,0,1,0,50,4,8784.21428571
0,1,1,0,0,1,0,1,6,51,2,6875.35928571
0,1,1,0,0,1,0,1,6,53,3,9951.68178571
1,1,0,0,0,0,1,1,6,53,1,10850.4821429
0,1,1,1,0,0,0,1,4,54,6,7785.06214286
0,1,1,0,1,0,0,1,4,50,2,8980.80857143
0,1,1,1,0,0,0,1,5,53,1,10247.9021429
1,1,0,0,0,0,1,1,5,50,4,7397.18178571
0,1,1,0,0,0,1,1,6,53,6,7439.38071429
1,1,0,0,1,0,0,1,2,51,4,10008.4753571
1,1,0,0,1,0,0,1,1,54,0,44749.7678571
0,1,1,1,0,0,0,1,1,53,0,12554.9892857
0,1,1,1,0,0,0,1,1,53,1,12471.2035714
0,1,1,0,0,1,0,1,4,54,0,12760.1714286
0,1,1,1,0,0,0,1,4,51,2,9158.7875
1,1,0,0,1,0,0,1,3,52,2,10573.4392857
1,1,0,1,0,0,0,1,6,51,3,7480.57535714
1,1,0,0,0,0,1,1,4,53,2,10804.3464286
0,1,1,0,0,1,0,1,0,51,1,11391.1357143
1,1,0,0,0,1,0,1,4,50,6,9709.59321429
0,1,1,1,0,0,0,1,2,50,1,8756.16071429
1,1,0,1,0,0,0,1,4,55,6,8695.53821429
1,1,0,0,0,1,0,1,4,55,1,14527.6214286
1,1,0,0,0,1,0,1,0,55,2,14593.5214286
0,1,1,0,1,0,0,1,4,53,6,9912.53892857
0,1,1,0,0,0,1,1,3,52,5,7311.65892857
0,1,1,0,0,1,0,1,5,53,5,9878.41642857
1,1,0,0,0,0,1,1,6,50,1,9751.68607143
0,1,1,0,1,0,0,1,6,52,2,9997.78964286
0,1,1,0,1,0,0,1,2,51,1,11399.9
1,1,0,0,1,0,0,1,5,52,0,15615.9464286
0,1,1,0,1,0,0,1,4,51,6,6964.87678571
1,1,0,0,1,0,0,1,0,53,2,13480.4785714
1,1,0,0,0,0,1,1,2,51,3,10235.3692857
0,1,1,0,1,0,0,1,3,53,2,9948.54428571
1,1,0,0,0,1,0,1,0,53,5,10880.8392857
0,1,1,0,0,1,0,1,4,50,3,8924.88892857
1,1,0,1,0,0,0,1,1,52,1,13012.2642857
1,1,0,1,0,0,0,1,4,52,4,7820.57214286
1,1,0,1,0,0,0,1,1,55,1,14473.4928571
1,1,0,0,1,0,0,1,5,50,6,7360.24321429
1,1,0,1,0,0,0,1,4,51,3,10099.8028571
0,1,1,0,0,0,1,1,2,52,1,9549.21178571
1,1,0,0,0,1,0,1,2,53,3,10800.8821429
0,1,1,0,0,0,1,1,3,50,5,6733.85821429
0,1,1,0,0,0,1,1,4,52,1,9601.835
0,1,1,0,1,0,0,1,2,54,4,10231.8607143
1,1,0,0,0,1,0,1,3,55,0,14606.8928571
1,1,0,1,0,0,0,1,6,54,4,8432.33785714
0,1,1,0,0,0,1,1,3,54,4,10295.6678571
1,1,0,0,1,0,0,1,6,53,1,13720.2392857
1,1,0,1,0,0,0,1,4,55,2,11662.5464286
0,1,1,0,1,0,0,1,5,50,1,8925.21892857
0,1,1,1,0,0,0,1,3,53,4,7856.52357143
1,1,0,1,0,0,0,1,1,55,4,11635.8214286
1,1,0,0,0,0,1,1,2,55,2,14536.8714286
1,1,0,0,0,1,0,1,2,51,0,10067.975
0,1,1,0,1,0,0,1,5,54,5,10569.7142857
0,1,1,0,0,1,0,1,2,54,1,12821.5214286
1,1,0,0,0,1,0,1,3,53,6,10937.8285714
0,1,1,0,0,1,0,1,2,52,2,9560.76714286
0,1,1,0,0,0,1,1,0,50,3,8809.89678571
0,1,1,0,0,1,0,1,4,50,4,8836.48214286
0,1,1,0,1,0,0,1,5,51,3,9152.13071429
1,1,0,0,1,0,0,1,2,50,5,7265.45607143
1,1,0,1,0,0,0,1,5,55,0,14497.2285714
1,1,0,1,0,0,0,1,5,53,1,10868.4214286
0,1,1,1,0,0,0,1,5,50,3,6666.35821429
1,1,0,0,1,0,0,1,6,55,5,11611.4964286
1,1,0,0,0,0,1,1,6,51,2,10153.5303571
0,1,1,0,0,1,0,1,0,50,2,8794.19035714
1,1,0,1,0,0,0,1,1,51,0,18011.2607143
1,1,0,0,0,1,0,1,1,50,5,7274.90035714
0,1,1,0,1,0,0,1,4,52,5,7252.15928571
1,1,0,0,0,1,0,1,1,53,3,10785.9357143
1,1,0,1,0,0,0,1,2,53,2,10970.6214286
1,1,0,1,0,0,0,1,2,51,6,7530.22357143
0,1,1,0,0,0,1,1,4,52,2,9619.46678571
0,1,1,1,0,0,0,1,2,53,1,10148.7246429
0,1,1,1,0,0,0,1,6,52,3,7272.30714286
1,1,0,0,0,1,0,1,3,51,5,10084.3246429
0,1,1,0,1,0,0,1,3,50,5,6646.76464286
1,1,0,0,1,0,0,1,4,50,4,9680.54928571
1,1,0,0,1,0,0,1,3,55,4,11588.1535714
1,1,0,0,1,0,0,1,5,52,2,10413.925
1,1,0,0,0,0,1,1,3,53,0,13509.7392857
1,1,0,0,1,0,0,1,6,55,3,11746.55
0,1,1,0,0,1,0,1,3,55,2,10551.1678571
1,1,0,0,0,0,1,1,6,55,4,11735.7357143
1,1,0,0,0,1,0,1,0,53,3,11044.0714286
1,1,0,0,1,0,0,1,4,50,2,9665.27964286
1,1,0,0,1,0,0,1,0,51,5,10124.6346429
0,1,1,0,0,0,1,1,0,53,5,9878.33285714
0,1,1,0,1,0,0,1,3,54,6,10231.2714286
1,1,0,1,0,0,0,1,1,51,2,10076.0967857
0,1,1,0,0,0,1,1,6,52,2,9561.75
1,1,0,1,0,0,0,1,3,51,1,9957.02214286
1,1,0,1,0,0,0,1,6,51,2,9970.56928571
1,1,0,0,1,0,0,1,0,55,1,32063.7214286
0,1,1,0,1,0,0,1,1,53,5,9876.67785714
0,1,1,1,0,0,0,1,5,54,1,10188.0571429
0,1,1,1,0,0,0,1,6,52,5,7278.92357143
1,1,0,0,0,0,1,1,0,50,2,9609.77678571
1,1,0,0,1,0,0,1,2,55,0,20277.9285714
1,1,0,0,0,1,0,1,0,55,4,11708.3178571
0,1,1,0,0,1,0,1,3,52,0,9791.78678571
1,1,0,0,0,1,0,1,6,51,2,7571.54392857
0,1,1,1,0,0,0,1,2,53,2,9887.42464286
0,1,1,0,0,0,1,1,6,55,3,10680.0678571
0,1,1,0,0,1,0,1,5,52,3,7238.02785714
1,1,0,0,0,1,0,1,0,52,6,7865.53964286
1,1,0,0,0,1,0,1,4,52,6,7894.88607143
0,1,1,0,0,0,1,1,5,55,3,10765.1928571
1,1,0,0,0,0,1,1,4,51,3,9982.26321429
1,1,0,0,0,0,1,1,3,51,5,10049.3142857
1,1,0,0,1,0,0,1,0,54,6,11342.6464286
0,1,1,0,0,0,1,1,0,51,3,9229.53928571
0,1,1,1,0,0,0,1,6,55,1,10618.1714286
1,1,0,0,0,1,0,1,6,54,2,11214.1
0,1,1,0,1,0,0,1,0,50,6,6745.91464286
1,1,0,1,0,0,0,1,2,51,3,10025.1460714
1,1,0,0,0,0,1,1,5,53,5,10856.0714286
0,1,1,1,0,0,0,1,6,55,2,10616.4714286
0,1,1,1,0,0,0,1,5,53,0,12422.3357143
0,1,1,0,0,0,1,1,0,53,4,9899.25821429
0,1,1,1,0,0,0,1,2,54,2,10404.1964286
1,1,0,0,0,1,0,1,2,54,1,14167.1321429
1,1,0,1,0,0,0,1,5,51,2,10071.6867857
1,1,0,0,0,0,1,1,1,50,6,7237.83714286
1,1,0,0,1,0,0,1,2,54,3,11230.5107143
1,1,0,0,0,1,0,1,4,51,1,10297.0928571
0,1,1,0,0,1,0,1,0,51,5,6864.92107143
1,1,0,1,0,0,0,1,2,55,1,14580.5785714
1,1,0,0,0,0,1,1,6,51,0,15023.3285714
1,1,0,0,1,0,0,1,6,52,4,10490.1678571
1,1,0,0,0,1,0,1,0,53,1,16270.4714286
0,1,1,0,0,0,1,1,1,55,0,21222.4678571
1,1,0,0,0,1,0,1,4,53,5,10869.3678571
0,1,1,0,0,1,0,1,6,53,0,12441.3392857
0,1,1,0,0,0,1,1,4,53,2,9916.32428571
1,1,0,0,0,1,0,1,5,50,6,9775.49107143
1,1,0,0,0,0,1,1,3,54,5,8404.5075
1,1,0,0,0,1,0,1,1,54,2,11234.4571429
1,1,0,1,0,0,0,1,3,51,6,7663.16321429
0,1,1,0,0,1,0,1,6,52,5,9678.48821429
1,1,0,0,1,0,0,1,6,51,4,7596.39821429
0,1,1,1,0,0,0,1,4,50,1,8773.92214286
0,1,1,0,0,0,1,1,2,51,2,9276.33214286
0,1,1,0,0,0,1,1,6,53,3,9889.01178571
1,1,0,1,0,0,0,1,6,54,3,8612.56214286
0,1,1,0,0,1,0,1,3,53,2,9815.32285714
0,1,1,0,0,1,0,1,3,53,4,9959.47714286
1,1,0,1,0,0,0,1,0,51,5,10039.1225
1,1,0,1,0,0,0,1,3,52,3,10447.1607143
0,1,1,0,1,0,0,1,3,55,3,10559.9357143
1,1,0,0,0,1,0,1,3,53,4,10892.0214286
0,1,1,1,0,0,0,1,3,53,2,10159.3925
1,1,0,0,0,1,0,1,5,54,3,11273.3607143
0,1,1,0,1,0,0,1,5,53,4,9878.28214286
0,1,1,1,0,0,0,1,3,54,3,10356.9714286
0,1,1,1,0,0,0,1,0,54,2,10234.8535714
1,1,0,0,1,0,0,1,2,53,0,18934.0
1,1,0,0,1,0,0,1,6,50,2,9625.02964286
0,1,1,0,0,1,0,1,0,50,6,6620.01285714
1,1,0,0,0,1,0,1,1,50,6,7290.91678571
0,1,1,0,1,0,0,1,3,53,1,12569.4178571
1,1,0,0,0,1,0,1,0,55,3,11639.0535714
0,1,1,1,0,0,0,1,6,54,5,7846.39571429
1,1,0,0,0,0,1,1,4,54,1,11381.5821429
0,1,1,0,1,0,0,1,6,50,3,8955.96
1,1,0,0,0,0,1,1,2,52,2,10457.5928571
0,1,1,0,0,1,0,1,5,52,0,9756.08678571
0,1,1,1,0,0,0,1,4,53,4,7559.09392857
1,1,0,0,0,1,0,1,1,54,3,11259.0892857
1,1,0,0,1,0,0,1,4,54,6,11234.2714286
1,1,0,0,1,0,0,1,0,51,6,7612.34607143
0,1,1,0,1,0,0,1,4,50,6,6767.39892857
0,1,1,1,0,0,0,1,4,55,3,10593.3428571
0,1,1,1,0,0,0,1,1,52,6,7355.17214286
0,1,1,0,0,1,0,1,0,53,6,9884.09392857
1,1,0,0,0,0,1,1,4,53,4,10927.0464286
1,1,0,0,0,1,0,1,5,52,6,8178.70785714
0,1,1,0,1,0,0,1,5,53,2,10163.8553571
1,1,0,0,1,0,0,1,0,53,4,10923.3357143
0,1,1,0,0,1,0,1,6,51,6,6859.16
0,1,1,1,0,0,0,1,6,52,2,9900.19142857
1,1,0,0,1,0,0,1,3,53,4,10804.2285714
0,1,1,0,0,0,1,1,2,55,4,10671.0071429
1,1,0,0,0,0,1,1,4,50,4,9735.15642857
0,1,1,0,1,0,0,1,5,52,0,14485.6678571
1,1,0,0,0,0,1,1,4,51,2,10013.3767857
0,1,1,1,0,0,0,1,2,54,0,12841.15
1,1,0,0,0,1,0,1,3,52,5,7994.45464286
0,1,1,0,1,0,0,1,5,52,4,9793.9225
0,1,1,0,0,0,1,1,2,51,0,11450.8
1,1,0,1,0,0,0,1,1,54,1,14082.2428571
0,1,1,0,0,1,0,1,0,53,3,10070.1071429
1,1,0,1,0,0,0,1,3,53,3,10860.8214286
1,1,0,0,0,0,1,1,5,51,5,7751.43928571
1,1,0,1,0,0,0,1,3,52,4,7856.18607143
0,1,1,0,0,0,1,1,2,52,2,9551.05035714
0,1,1,0,0,0,1,1,1,53,6,10032.3528571
1,1,0,1,0,0,0,1,4,52,5,7926.87071429
0,1,1,1,0,0,0,1,0,53,4,10060.5725
0,1,1,0,1,0,0,1,3,50,3,8853.5725
1,1,0,0,1,0,0,1,5,53,4,10781.8178571
1,1,0,0,1,0,0,1,0,53,5,10834.125
1,1,0,0,0,0,1,1,6,53,5,10848.9
0,1,1,0,0,0,1,1,1,55,3,10599.525
0,1,1,1,0,0,0,1,1,51,2,9224.05428571
0,1,1,1,0,0,0,1,5,55,3,10553.0142857
1,1,0,0,1,0,0,1,2,51,5,10043.6346429
1,1,0,1,0,0,0,1,0,50,1,19264.05
1,1,0,0,0,0,1,1,4,55,6,8738.04285714
0,1,1,1,0,0,0,1,6,55,3,7923.71
0,1,1,1,0,0,0,1,2,52,5,7197.50607143
0,1,1,0,0,1,0,1,3,50,6,8775.375
0,1,1,0,1,0,0,1,5,53,6,9862.31071429
0,1,1,0,1,0,0,1,4,51,5,6826.82142857
1,1,0,0,0,1,0,1,4,50,4,9656.11107143
1,1,0,1,0,0,0,1,1,52,4,10517.0642857
1,1,0,1,0,0,0,1,6,54,2,11328.2357143
0,1,1,0,0,1,0,1,5,50,4,8859.46285714
0,1,1,0,0,0,1,1,1,54,2,10301.1107143
1,1,0,0,1,0,0,1,2,51,0,17514.3714286
1,1,0,0,1,0,0,1,0,52,6,10481.1892857
0,1,1,0,0,0,1,1,6,52,4,9612.19178571
0,1,1,0,0,1,0,1,6,52,6,9602.04214286
1,1,0,0,0,0,1,1,1,51,3,10031.1310714
0,1,1,1,0,0,0,1,6,50,3,6571.3275
0,1,1,0,1,0,0,1,1,52,2,9583.35964286
0,1,1,0,0,1,0,1,5,50,6,8793.62642857
1,1,0,1,0,0,0,1,4,55,3,11601.85
0,1,1,1,0,0,0,1,4,51,0,11456.9857143
0,1,1,0,0,0,1,1,4,50,6,6754.82178571
0,1,1,0,1,0,0,1,0,50,3,8826.06071429
0,1,1,0,0,0,1,1,3,52,3,9665.45571429
0,1,1,1,0,0,0,1,0,55,1,21243.0142857
0,1,1,0,0,0,1,1,3,55,6,10859.5285714
0,1,1,0,1,0,0,1,6,55,0,15826.0464286
0,1,1,0,1,0,0,1,3,54,0,15478.1214286
1,1,0,0,1,0,0,1,4,53,2,10791.7714286
1,1,0,0,0,0,1,1,2,54,2,11407.9678571
0,1,1,0,0,1,0,1,1,54,4,10274.0357143
0,1,1,0,0,0,1,1,2,53,1,9883.74178571
1,1,0,1,0,0,0,1,2,54,0,14090.9892857
0,1,1,0,1,0,0,1,5,51,2,9337.72321429
1,1,0,1,0,0,0,1,5,53,2,10853.1785714
0,1,1,0,0,0,1,1,2,54,0,15361.4428571
1,1,0,1,0,0,0,1,0,51,6,7641.63535714
1,1,0,1,0,0,0,1,0,52,3,10469.65
0,1,1,0,1,0,0,1,0,54,6,10255.2678571
1,1,0,1,0,0,0,1,5,52,4,7938.18214286
0,1,1,0,0,0,1,1,3,54,0,12965.2428571
0,1,1,1,0,0,0,1,1,51,3,9213.715
1,1,0,0,1,0,0,1,3,50,3,9744.46571429
1,1,0,0,0,0,1,1,0,54,3,11435.9178571
0,1,1,0,0,1,0,1,2,50,2,6601.92571429
1,1,0,0,0,0,1,1,6,54,4,8416.76035714
0,1,1,1,0,0,0,1,5,50,6,6700.59607143
0,1,1,0,1,0,0,1,1,50,5,6624.60642857
1,1,0,0,0,1,0,1,6,53,6,10849.9571429
1,1,0,0,0,0,1,1,0,54,2,11189.7035714
0,1,1,0,1,0,0,1,2,52,5,9782.40285714
0,1,1,0,0,1,0,1,5,54,5,10254.8464286
0,1,1,0,0,1,0,1,3,54,1,12747.0357143
0,1,1,0,0,1,0,1,0,54,6,10247.4892857
0,1,1,0,1,0,0,1,5,54,3,10394.6178571
1,1,0,0,0,1,0,1,1,55,2,14491.0785714
1,1,0,0,0,1,0,1,0,50,1,14466.6535714
1,1,0,1,0,0,0,1,2,52,4,10567.2107143
0,1,1,1,0,0,0,1,0,51,1,18248.7857143
0,1,1,0,0,1,0,1,2,53,0,9857.77464286
0,1,1,0,0,1,0,1,5,51,2,6942.59107143
0,1,1,0,0,0,1,1,2,55,0,13386.2964286
0,1,1,1,0,0,0,1,0,55,2,10543.7642857
0,1,1,0,1,0,0,1,1,55,6,10614.0214286
0,1,1,0,0,0,1,1,6,54,1,10344.975
1,1,0,1,0,0,0,1,6,51,4,7529.29678571
0,1,1,0,1,0,0,1,1,50,4,8753.06964286
1,1,0,1,0,0,0,1,1,52,0,20865.1
1,1,0,0,0,0,1,1,6,54,0,14099.2928571
1,1,0,0,0,1,0,1,3,54,4,11306.5035714
1,1,0,0,1,0,0,1,3,51,2,10048.1025
1,1,0,1,0,0,0,1,6,51,1,10225.3896429
1,1,0,0,0,1,0,1,2,50,5,7319.6825
0,1,1,1,0,0,0,1,0,53,5,10493.6767857
0,1,1,0,0,1,0,1,0,54,5,10224.1428571
0,1,1,0,1,0,0,1,0,53,5,10102.7317857
1,1,0,0,0,0,1,1,2,50,6,7264.28714286
0,1,1,0,1,0,0,1,0,53,4,9973.01142857
0,1,1,0,0,0,1,1,6,52,5,7245.56285714
1,1,0,0,1,0,0,1,1,51,0,34956.3071429
0,1,1,0,0,1,0,1,6,52,2,7494.63285714
1,1,0,0,1,0,0,1,0,51,3,10029.8364286
1,1,0,1,0,0,0,1,5,50,3,7358.79357143
1,1,0,1,0,0,0,1,3,52,0,13037.5428571
1,1,0,1,0,0,0,1,1,55,6,8716.20928571
1,1,0,0,0,0,1,1,6,54,2,11469.575
1,1,0,1,0,0,0,1,4,55,0,14563.0571429
0,1,1,0,1,0,0,1,5,54,2,10688.9964286
1,1,0,0,0,0,1,1,1,52,0,20813.2178571
0,1,1,0,1,0,0,1,5,53,0,15026.4071429
0,1,1,0,0,0,1,1,4,54,4,10381.475
0,1,1,0,0,1,0,1,1,52,2,7387.25607143
1,1,0,0,0,1,0,1,2,55,6,11914.4107143
1,1,0,0,0,0,1,1,5,54,5,11186.6857143
0,1,1,1,0,0,0,1,0,53,2,9996.22107143
0,1,1,0,0,1,0,1,6,55,0,13175.6964286
0,1,1,0,0,0,1,1,1,51,0,18502.7071429
1,1,0,0,0,0,1,1,2,50,4,9714.95571429
0,1,1,0,1,0,0,1,0,55,4,10630.6285714
1,1,0,0,0,0,1,1,4,53,5,10923.1857143
1,1,0,0,1,0,0,1,5,52,3,10471.8678571
0,1,1,0,0,0,1,1,2,55,1,13420.3535714
0,1,1,0,1,0,0,1,3,53,0,15012.7035714
1,1,0,1,0,0,0,1,1,55,2,11619.4035714
1,1,0,0,0,1,0,1,5,50,1,7312.5125
1,1,0,0,0,0,1,1,3,55,4,11676.05
0,1,1,0,0,1,0,1,5,54,0,12737.975
0,1,1,0,0,0,1,1,5,51,1,9279.21214286
1,1,0,0,1,0,0,1,4,52,1,13059.9571429
1,1,0,0,1,0,0,1,2,55,6,11619.65
0,1,1,0,0,1,0,1,2,54,0,10298.0285714
0,1,1,0,0,0,1,1,3,51,6,6884.10785714
0,1,1,0,0,0,1,1,5,52,0,11938.5535714
1,1,0,0,1,0,0,1,3,54,6,11210.3892857
0,1,1,0,0,0,1,1,2,50,0,11019.1821429
0,1,1,0,0,1,0,1,1,52,5,7261.47357143
1,1,0,1,0,0,0,1,6,52,5,7857.61
0,1,1,0,0,1,0,1,6,51,1,7066.04214286
0,1,1,1,0,0,0,1,1,55,1,13378.0357143
0,1,1,1,0,0,0,1,4,54,1,10575.9571429
0,1,1,0,1,0,0,1,5,51,6,6866.59892857
0,1,1,1,0,0,0,1,1,50,5,6733.77928571
1,1,0,0,1,0,0,1,1,54,3,11281.4571429
0,1,1,0,1,0,0,1,5,50,3,8780.41035714
1,1,0,0,0,0,1,1,6,53,3,10948.825
0,1,1,0,0,0,1,1,3,55,0,15946.3214286
0,1,1,0,0,1,0,1,2,54,3,10210.6285714
1,1,0,0,0,0,1,1,5,51,3,10126.4678571
1,1,0,0,0,1,0,1,6,53,3,10783.6214286
1,1,0,0,0,0,1,1,1,52,2,10479.2821429
1,1,0,0,1,0,0,1,4,55,6,11633.8
1,1,0,0,0,0,1,1,3,52,6,7954.21357143
1,1,0,0,0,1,0,1,5,51,5,7550.77642857
0,1,1,0,0,1,0,1,1,51,5,9169.12714286
1,1,0,1,0,0,0,1,4,50,3,9769.20214286
0,1,1,0,0,1,0,1,3,53,0,12294.3857143
1,1,0,1,0,0,0,1,1,51,5,10207.0628571
0,1,1,0,1,0,0,1,6,51,6,6824.08892857
1,1,0,0,0,1,0,1,3,50,1,12002.6464286
1,1,0,0,0,1,0,1,2,51,4,10132.605
1,1,0,1,0,0,0,1,6,50,4,7338.86142857
0,1,1,0,0,1,0,1,3,55,0,13223.8428571
0,1,1,0,1,0,0,1,3,51,5,9089.93107143
0,1,1,0,0,0,1,1,4,53,5,9876.47142857
1,1,0,1,0,0,0,1,5,52,2,10549.6285714
1,1,0,1,0,0,0,1,6,55,6,8776.63785714
1,1,0,0,0,1,0,1,3,55,4,11750.1035714
1,1,0,0,1,0,0,1,1,50,3,9632.18857143
1,1,0,1,0,0,0,1,4,53,2,10969.7964286
0,1,1,1,0,0,0,1,1,55,3,10574.4142857
0,1,1,0,1,0,0,1,3,54,5,10229.0392857
0,1,1,0,0,1,0,1,3,51,2,6967.7875
0,1,1,1,0,0,0,1,2,55,2,10675.0357143
0,1,1,0,1,0,0,1,6,50,0,13219.4928571
1,1,0,1,0,0,0,1,3,50,2,9823.21321429
0,1,1,0,0,0,1,1,1,53,4,10175.9835714
0,1,1,0,0,1,0,1,3,50,3,8788.80428571
0,1,1,0,1,0,0,1,6,50,2,8862.7725
1,1,0,0,0,0,1,1,0,54,1,22564.95
0,1,1,0,0,0,1,1,4,52,0,11971.4392857
1,1,0,0,0,1,0,1,1,52,0,18385.2428571
0,1,1,0,0,0,1,1,1,51,2,9204.69464286
1,1,0,0,1,0,0,1,0,51,2,12525.3035714
0,1,1,0,1,0,0,1,4,52,0,14619.5285714
0,1,1,0,1,0,0,1,2,51,6,6970.53
1,1,0,0,1,0,0,1,6,55,0,17397.25
0,1,1,0,0,1,0,1,1,54,1,10240.3642857
0,1,1,0,0,0,1,1,0,51,5,9333.74642857
1,1,0,1,0,0,0,1,2,53,6,8091.00535714
0,1,1,1,0,0,0,1,3,51,5,6951.07142857
0,1,1,0,1,0,0,1,1,51,2,9088.49785714
0,1,1,0,0,1,0,1,6,50,3,8779.2925
0,1,1,0,0,0,1,1,6,52,3,9657.60607143
0,1,1,1,0,0,0,1,6,51,5,7022.2175
1,1,0,0,0,0,1,1,2,51,4,9987.57214286
0,1,1,1,0,0,0,1,1,50,4,8781.76571429
0,1,1,1,0,0,0,1,3,53,6,7584.8525
1,1,0,0,0,1,0,1,3,53,3,10950.1785714
0,1,1,1,0,0,0,1,4,55,5,7906.53392857
1,1,0,0,1,0,0,1,5,54,3,11267.7142857
1,1,0,1,0,0,0,1,5,54,1,11174.8392857
0,1,1,0,0,0,1,1,6,52,0,11923.1392857
1,1,0,1,0,0,0,1,3,50,1,9630.58678571
1,1,0,0,0,1,0,1,5,52,3,10634.4035714
0,1,1,1,0,0,0,1,4,52,6,7260.37571429
0,1,1,1,0,0,0,1,5,52,2,9847.27535714
1,1,0,1,0,0,0,1,6,55,3,11768.9535714
1,1,0,1,0,0,0,1,1,55,0,20324.7142857
1,1,0,0,0,0,1,1,3,55,3,11650.2785714
0,1,1,0,0,1,0,1,4,54,6,10314.3107143
1,1,0,0,0,0,1,1,4,54,0,14054.9964286
1,1,0,0,0,1,0,1,5,53,3,10852.3321429
0,1,1,1,0,0,0,1,4,53,2,10161.5557143
1,1,0,1,0,0,0,1,6,55,4,8734.17785714
1,1,0,0,1,0,0,1,5,50,0,14545.1
1,1,0,0,1,0,0,1,2,53,5,10812.1785714
1,1,0,0,0,1,0,1,5,53,1,10849.55
0,1,1,0,1,0,0,1,3,52,0,14641.4321429
0,1,1,0,1,0,0,1,4,55,6,10568.0428571
0,1,1,0,0,1,0,1,1,54,5,10231.4285714
0,1,1,0,0,0,1,1,4,54,3,10407.3571429
0,1,1,0,0,1,0,1,1,55,3,10559.6035714
0,1,1,0,1,0,0,1,6,52,1,9929.11178571
0,1,1,0,0,0,1,1,3,50,6,6737.73571429
1,1,0,0,1,0,0,1,1,54,1,14082.55
0,1,1,0,1,0,0,1,6,51,2,9143.93142857
0,1,1,0,0,1,0,1,3,55,5,10564.5071429
0,1,1,0,1,0,0,1,0,54,2,12867.5964286
0,1,1,0,0,1,0,1,2,54,5,10363.6142857
0,1,1,0,0,0,1,1,1,52,0,19096.0785714
0,1,1,1,0,0,0,1,0,52,3,9985.24571429
1,1,0,0,0,0,1,1,4,54,6,11262.3964286
0,1,1,1,0,0,0,1,6,55,0,10629.9142857
1,1,0,0,0,0,1,1,4,50,0,12230.8642857
0,1,1,0,0,0,1,1,0,54,6,10237.2178571
1,1,0,0,1,0,0,1,6,53,0,16196.9678571
0,1,1,0,0,0,1,1,1,52,3,9607.33785714
0,1,1,0,0,1,0,1,6,53,1,9961.99214286
1,1,0,0,0,1,0,1,6,52,5,10474.0892857
1,1,0,0,0,1,0,1,4,52,4,8057.83357143
0,1,1,0,1,0,0,1,6,54,6,10335.0678571
1,1,0,0,0,1,0,1,3,54,1,14144.575
0,1,1,0,1,0,0,1,3,52,2,9696.87714286
1,1,0,0,0,0,1,1,2,54,6,11226.3714286
0,1,1,0,1,0,0,1,3,55,6,10601.2535714
0,1,1,0,0,0,1,1,4,53,1,9868.64428571
1,1,0,1,0,0,0,1,6,52,4,7822.18857143
1,1,0,0,0,1,0,1,5,50,2,9619.16321429
1,1,0,0,0,1,0,1,5,52,0,10655.9392857
0,1,1,0,0,1,0,1,4,55,2,10558.8964286
0,1,1,0,1,0,0,1,5,52,3,9751.86107143
1,1,0,1,0,0,0,1,4,55,4,8813.53428571
0,1,1,0,0,1,0,1,0,54,1,15275.1678571
1,1,0,0,0,0,1,1,0,52,1,18411.0571429
1,1,0,0,0,1,0,1,3,51,0,12558.4821429
1,1,0,0,1,0,0,1,3,51,0,14950.8714286
0,1,1,0,0,1,0,1,4,55,0,13239.7
0,1,1,0,0,1,0,1,1,53,0,17256.9142857
1,1,0,0,1,0,0,1,0,55,4,11782.7107143
1,1,0,0,0,0,1,1,1,52,6,7862.33571429
1,1,0,1,0,0,0,1,0,55,3,11605.5285714
1,1,0,0,0,1,0,1,6,51,6,7712.33571429
1,1,0,0,0,1,0,1,4,52,3,10441.875
0,1,1,0,1,0,0,1,3,52,3,9730.18214286
1,1,0,0,0,1,0,1,1,55,3,11662.0785714
0,1,1,1,0,0,0,1,2,50,5,6585.6
1,1,0,0,0,0,1,1,4,52,1,10420.6857143
0,1,1,0,1,0,0,1,6,55,4,10636.5464286
1,1,0,0,0,0,1,1,1,54,0,22786.1178571
1,1,0,1,0,0,0,1,0,54,2,11201.775
1,1,0,0,0,1,0,1,1,54,1,14009.1785714
0,1,1,0,1,0,0,1,4,50,4,8830.31357143
0,1,1,0,0,1,0,1,1,53,3,9885.99821429
1,1,0,0,0,0,1,1,1,54,2,11194.4285714
0,1,1,0,0,0,1,1,6,55,5,10762.8321429
0,1,1,0,0,1,0,1,0,53,4,10124.9935714
1,1,0,1,0,0,0,1,0,52,5,10545.3392857
1,1,0,1,0,0,0,1,6,50,0,12086.4857143
0,1,1,0,0,1,0,1,6,54,2,10381.6321429
1,1,0,1,0,0,0,1,6,51,6,7627.575
0,1,1,1,0,0,0,1,3,53,0,12544.425
0,1,1,0,0,1,0,1,0,50,1,11031.3214286
1,1,0,0,0,0,1,1,0,52,2,10762.65
1,1,0,0,0,1,0,1,5,50,5,9633.6125
0,1,1,1,0,0,0,1,2,55,1,10697.9357143
1,1,0,0,0,1,0,1,2,54,3,11278.5178571
0,1,1,0,0,0,1,1,1,50,6,6684.66214286
0,1,1,0,0,1,0,1,0,50,5,6566.46035714
0,1,1,0,1,0,0,1,2,54,0,17965.475
0,1,1,1,0,0,0,1,2,53,0,12514.8678571
1,1,0,1,0,0,0,1,0,51,4,9999.8075
0,1,1,1,0,0,0,1,4,52,0,12229.7607143
1,1,0,1,0,0,0,1,2,50,2,9605.03321429
1,1,0,0,0,0,1,1,5,53,0,16298.7607143
1,1,0,1,0,0,0,1,1,50,4,9697.2075
0,1,1,1,0,0,0,1,4,53,0,12408.3392857
1,1,0,0,1,0,0,1,0,51,1,25017.9678571
0,1,1,0,0,0,1,1,5,50,5,6647.9425
0,1,1,0,0,1,0,1,4,52,0,9665.24571429
1,1,0,1,0,0,0,1,2,54,4,11176.0642857
0,1,1,0,0,1,0,1,4,55,4,10636.3571429
1,1,0,1,0,0,0,1,1,53,5,8215.60642857
0,1,1,1,0,0,0,1,5,52,6,7313.48464286
1,1,0,1,0,0,0,1,1,50,6,7282.85071429
0,1,1,0,0,0,1,1,0,50,6,6653.31892857
1,1,0,0,1,0,0,1,5,55,5,11613.7357143
0,1,1,1,0,0,0,1,4,51,4,6875.60357143
0,1,1,0,1,0,0,1,2,52,4,9913.1525
0,1,1,0,0,1,0,1,4,51,4,6890.22285714
1,1,0,0,0,1,0,1,6,54,6,11429.35
0,1,1,0,1,0,0,1,1,52,3,9613.4125
1,1,0,1,0,0,0,1,0,54,6,8528.9325
1,1,0,0,0,1,0,1,4,54,0,14088.7535714
1,1,0,0,1,0,0,1,4,51,4,10059.3692857
0,1,1,0,0,0,1,1,1,52,1,11921.9035714
0,1,1,0,0,0,1,1,2,54,5,10488.2035714
0,1,1,1,0,0,0,1,5,52,5,7290.24642857
0,1,1,0,1,0,0,1,4,54,5,10475.3285714
1,1,0,0,1,0,0,1,4,52,0,15937.0857143
0,1,1,0,1,0,0,1,2,54,5,10365.9571429
0,1,1,1,0,0,0,1,4,51,6,6872.61214286
0,1,1,0,0,0,1,1,2,51,5,9222.13107143
1,1,0,0,0,0,1,1,4,50,5,9713.66678571
0,1,1,1,0,0,0,1,1,50,6,6615.53821429
0,1,1,0,0,0,1,1,2,53,5,10079.8860714
1,1,0,0,1,0,0,1,6,53,6,10846.5535714
1,1,0,0,1,0,0,1,2,51,2,10092.3903571
1,1,0,0,1,0,0,1,0,55,6,11588.275
0,1,1,0,0,1,0,1,6,55,2,10548.6678571
1,1,0,0,1,0,0,1,1,51,4,10115.5592857
0,1,1,1,0,0,0,1,6,53,6,7666.90964286
1,1,0,0,1,0,0,1,1,52,4,10400.2607143
0,1,1,1,0,0,0,1,4,53,5,7757.18607143
1,1,0,1,0,0,0,1,3,50,3,9645.02535714
1,1,0,0,1,0,0,1,4,52,2,10605.8428571
1,1,0,0,0,1,0,1,5,52,5,7948.23821429
0,1,1,1,0,0,0,1,3,51,3,9132.83821429
1,1,0,0,0,0,1,1,4,51,0,12549.3071429
1,1,0,0,0,1,0,1,5,52,4,7914.71142857
0,1,1,0,1,0,0,1,1,54,3,10384.1285714
1,1,0,0,0,0,1,1,1,50,2,9605.20214286
1,1,0,0,1,0,0,1,0,54,1,31002.125
0,1,1,1,0,0,0,1,5,53,2,10101.7671429
1,1,0,0,0,1,0,1,2,54,5,11266.4857143
0,1,1,0,0,1,0,1,2,54,4,10295.9678571
1,1,0,1,0,0,0,1,5,55,4,8702.51857143
0,1,1,1,0,0,0,1,3,50,2,8790.66928571
0,1,1,0,0,0,1,1,2,55,2,10758.9607143
0,1,1,0,0,0,1,1,0,55,1,21238.6785714
0,1,1,0,1,0,0,1,1,55,3,10560.2714286
1,1,0,1,0,0,0,1,5,54,5,8447.81428571
1,1,0,1,0,0,0,1,4,52,1,10455.3821429
1,1,0,0,0,1,0,1,3,55,6,11625.2428571
0,1,1,0,1,0,0,1,5,50,2,8790.70821429
0,1,1,1,0,0,0,1,2,55,4,10583.3678571
0,1,1,0,0,1,0,1,0,52,5,7260.075
0,1,1,1,0,0,0,1,0,51,2,9083.29964286
1,1,0,0,0,1,0,1,1,54,0,19679.7678571
0,1,1,0,0,0,1,1,5,52,6,7156.73178571
0,1,1,0,0,0,1,1,6,54,2,12951.625
1,1,0,0,1,0,0,1,3,51,4,10066.1064286
0,1,1,0,0,0,1,1,1,51,4,9279.1775
1,1,0,0,0,0,1,1,2,51,0,12513.1142857
1,1,0,1,0,0,0,1,6,50,2,9687.88821429
0,1,1,0,0,1,0,1,2,51,2,6952.68321429
1,1,0,0,1,0,0,1,5,51,1,9982.09107143
0,1,1,0,1,0,0,1,5,55,5,10573.6
0,1,1,0,0,0,1,1,2,54,6,7828.22428571
1,1,0,0,0,0,1,1,6,55,5,11623.3035714
1,1,0,1,0,0,0,1,3,54,1,11188.7964286
1,1,0,0,1,0,0,1,4,54,4,11265.7107143
0,1,1,0,0,1,0,1,5,55,4,10635.2142857
0,1,1,1,0,0,0,1,3,55,0,13207.3821429
1,1,0,1,0,0,0,1,0,50,3,10002.2892857
1,1,0,1,0,0,0,1,0,55,2,11644.0964286
1,1,0,1,0,0,0,1,1,53,3,10787.5642857
1,1,0,0,0,1,0,1,1,51,1,10087.2514286
0,1,1,0,0,1,0,1,6,51,3,6920.29178571
1,1,0,0,0,1,0,1,6,54,3,11315.5928571
1,1,0,0,0,0,1,1,5,55,2,11720.2392857
0,1,1,0,0,1,0,1,6,53,6,9919.94071429
0,1,1,0,0,0,1,1,3,50,4,8837.87107143
0,1,1,0,0,1,0,1,1,53,6,9905.27285714
0,1,1,0,1,0,0,1,6,51,0,13826.1392857
1,1,0,0,1,0,0,1,3,55,1,14549.9571429
0,1,1,0,0,0,1,1,0,55,4,10750.9321429
1,1,0,0,0,0,1,1,1,55,6,11833.8321429
0,1,1,0,1,0,0,1,1,52,5,9877.67035714
0,1,1,0,0,0,1,1,5,50,0,11081.4214286
0,1,1,0,1,0,0,1,1,52,4,9671.40428571
1,1,0,0,1,0,0,1,2,52,3,10446.7571429
1,1,0,0,0,0,1,1,1,50,1,12154.2107143
1,1,0,0,0,0,1,1,4,52,3,10422.4178571
1,1,0,0,1,0,0,1,6,53,3,10938.8642857
0,1,1,0,1,0,0,1,1,51,0,38615.5535714
1,1,0,0,0,0,1,1,6,51,6,7497.74071429
0,1,1,1,0,0,0,1,5,54,0,13127.9428571
1,1,0,0,0,0,1,1,0,50,1,19226.3071429
0,1,1,0,0,1,0,1,3,52,1,12004.7071429
1,1,0,1,0,0,0,1,3,51,0,12474.5678571
0,1,1,0,1,0,0,1,2,50,5,6611.31857143
0,1,1,0,0,1,0,1,4,51,5,9288.09214286
1,1,0,0,0,0,1,1,3,54,3,11232.6428571
1,1,0,0,0,1,0,1,4,51,0,10082.8285714
1,1,0,1,0,0,0,1,5,53,0,13644.0714286
1,1,0,0,0,0,1,1,4,51,4,10067.0539286
0,1,1,0,1,0,0,1,3,51,4,9296.86464286
1,1,0,0,0,1,0,1,4,53,0,13566.0678571
1,1,0,0,0,1,0,1,4,53,6,10845.35
1,1,0,1,0,0,0,1,1,53,4,10854.5285714
1,1,0,0,0,1,0,1,4,50,3,9620.66607143
0,1,1,0,0,0,1,1,0,53,3,10002.5953571
0,1,1,0,0,1,0,1,4,50,6,8768.43392857
0,1,1,0,0,0,1,1,1,51,3,9241.88285714
1,1,0,1,0,0,0,1,5,55,5,8691.7775
0,1,1,0,0,1,0,1,3,55,6,10629.8428571
1,1,0,0,0,0,1,1,6,50,4,7304.395
0,1,1,0,1,0,0,1,6,54,1,12834.25
1,1,0,0,1,0,0,1,3,51,6,7595.3725
1,1,0,0,0,1,0,1,5,51,4,7622.65857143
1,1,0,1,0,0,0,1,5,50,5,7252.8275
0,1,1,0,0,0,1,1,3,51,1,9353.55464286
0,1,1,0,0,0,1,1,3,55,5,10767.2214286
1,1,0,1,0,0,0,1,2,55,2,11595.4607143
0,1,1,0,0,1,0,1,2,52,4,9691.64892857
1,1,0,0,0,1,0,1,0,55,1,17541.9607143
1,1,0,0,0,0,1,1,6,52,4,10437.7392857
1,1,0,0,0,1,0,1,1,55,5,11610.5464286
1,1,0,1,0,0,0,1,2,55,0,14612.6107143
0,1,1,0,0,1,0,1,3,54,5,10190.8535714
1,1,0,0,1,0,0,1,1,53,0,37938.3928571
0,1,1,0,0,1,0,1,6,54,3,10280.8214286
1,1,0,0,0,0,1,1,5,54,6,8409.91535714
0,1,1,0,0,1,0,1,0,52,1,12065.5214286
0,1,1,0,0,0,1,1,5,55,5,8002.83928571
1,1,0,0,0,0,1,1,2,55,3,11653.1571429
1,1,0,0,0,1,0,1,1,51,2,7695.65678571
1,1,0,0,0,0,1,1,1,50,5,7200.89571429
0,1,1,1,0,0,0,1,4,54,4,7823.26107143
1,1,0,0,0,0,1,1,1,53,1,13535.9821429
1,1,0,1,0,0,0,1,5,50,6,7504.13607143
1,1,0,0,0,0,1,1,4,52,5,10418.5571429
1,1,0,1,0,0,0,1,2,50,6,7340.92107143
0,1,1,0,1,0,0,1,1,51,3,9157.03107143
0,1,1,0,0,1,0,1,3,50,0,8833.54821429
1,1,0,0,0,0,1,1,2,55,1,14652.475
0,1,1,0,0,1,0,1,2,50,5,6713.26642857
0,1,1,1,0,0,0,1,0,52,5,10030.3357143
0,1,1,0,0,0,1,1,5,53,2,9897.55535714
1,1,0,0,0,1,0,1,4,54,3,11332.9964286
0,1,1,0,0,0,1,1,6,55,4,10744.3892857
1,1,0,0,1,0,0,1,4,52,5,7923.88607143
1,1,0,0,0,1,0,1,6,55,5,11688.2107143
0,1,1,1,0,0,0,1,1,54,0,13143.5214286
1,1,0,0,0,1,0,1,2,53,2,10825.3964286
1,1,0,0,1,0,0,1,3,50,5,7195.99071429
0,1,1,0,0,1,0,1,5,53,4,9890.57464286
0,1,1,0,0,1,0,1,3,50,4,8753.69
0,1,1,0,0,0,1,1,3,52,4,9629.68178571
0,1,1,0,0,0,1,1,6,50,4,6686.81035714
1,1,0,0,0,1,0,1,3,54,0,14059.4857143
1,1,0,0,1,0,0,1,5,54,1,13980.5535714
0,1,1,0,0,0,1,1,6,53,0,12370.7107143
1,1,0,1,0,0,0,1,0,53,3,10794.8321429
1,1,0,0,1,0,0,1,3,53,0,16353.8428571
0,1,1,1,0,0,0,1,0,50,1,17543.6
0,1,1,0,0,0,1,1,5,53,1,9862.99035714
1,1,0,1,0,0,0,1,0,51,2,9994.53357143
0,1,1,0,0,0,1,1,6,55,6,10687.4035714
1,1,0,0,1,0,0,1,6,51,3,10057.6603571
0,1,1,0,0,0,1,1,5,51,4,7055.17464286
1,1,0,0,0,0,1,1,4,55,2,11664.9214286
0,1,1,0,0,0,1,1,5,54,2,10292.0535714
1,1,0,0,0,1,0,1,3,55,1,14688.65
1,1,0,0,1,0,0,1,0,50,5,9626.08892857
0,1,1,0,0,0,1,1,2,51,4,9330.25392857
0,1,1,0,0,1,0,1,1,53,5,9893.29928571
0,1,1,1,0,0,0,1,5,54,4,7739.75785714
1,1,0,0,0,1,0,1,3,51,3,7650.56
0,1,1,1,0,0,0,1,0,54,1,20505.6464286
1,1,0,1,0,0,0,1,6,52,6,7827.63321429
1,1,0,1,0,0,0,1,5,51,4,7527.94464286
0,1,1,0,1,0,0,1,6,52,4,9748.8625
1,1,0,0,0,1,0,1,3,55,2,11677.1285714
1,1,0,0,1,0,0,1,4,54,5,11255.1392857
1,1,0,0,0,0,1,1,6,52,0,13145.1178571
0,1,1,0,0,0,1,1,6,50,5,6731.99535714
1,1,0,1,0,0,0,1,5,50,1,9673.2875
1,1,0,1,0,0,0,1,5,54,2,11207.8071429
1,1,0,0,0,1,0,1,6,53,5,10799.2714286
1,1,0,1,0,0,0,1,1,54,4,11339.3178571
0,1,1,1,0,0,0,1,0,54,4,10432.0035714
1,1,0,1,0,0,0,1,1,55,5,11643.7714286
1,1,0,0,1,0,0,1,6,55,4,11676.4714286
1,1,0,0,1,0,0,1,1,54,5,11208.0107143
1,1,0,0,0,0,1,1,5,54,4,11341.7392857
0,1,1,1,0,0,0,1,5,50,5,6634.74357143
1,1,0,0,1,0,0,1,6,54,3,11336.5964286
0,1,1,0,0,1,0,1,4,50,5,8829.40892857
0,1,1,0,0,1,0,1,5,52,2,9648.6725
1,1,0,0,0,0,1,1,1,53,3,10832.3
1,1,0,0,1,0,0,1,5,55,6,11631.4357143
1,1,0,0,1,0,0,1,2,53,4,10891.3892857
1,1,0,0,0,0,1,1,5,54,1,11259.9571429
0,1,1,1,0,0,0,1,4,50,0,10941.0035714
1,1,0,0,0,1,0,1,1,51,5,9984.16285714
0,1,1,0,1,0,0,1,2,55,1,13184.5892857
1,1,0,0,1,0,0,1,2,52,0,18277.6107143
0,1,1,0,1,0,0,1,6,51,3,9216.68964286
1,1,0,0,0,1,0,1,0,54,4,11374.3214286
1,1,0,0,0,1,0,1,3,50,3,9660.78607143
1,1,0,0,0,0,1,1,4,50,2,9716.08464286
1,1,0,1,0,0,0,1,2,55,4,11656.1285714
1,1,0,0,1,0,0,1,3,54,2,11251.0357143
1,1,0,1,0,0,0,1,5,52,1,10462.3964286
0,1,1,0,0,0,1,1,3,53,1,9865.03214286
1,1,0,0,0,1,0,1,3,52,2,10459.3285714
0,1,1,0,1,0,0,1,3,51,0,13649.5535714
0,1,1,0,0,0,1,1,2,52,0,12024.8321429
1,1,0,0,1,0,0,1,0,53,3,10774.1357143
0,1,1,0,1,0,0,1,1,53,0,41979.3321429
0,1,1,0,0,1,0,1,6,55,6,10677.1535714
0,1,1,0,0,0,1,1,0,54,5,10292.1535714
0,1,1,0,0,0,1,1,5,51,2,9309.80928571
0,1,1,0,1,0,0,1,3,52,5,9979.30107143
1,1,0,0,0,1,0,1,0,52,2,10460.0392857
0,1,1,0,1,0,0,1,1,54,2,10360.35
1,1,0,0,0,1,0,1,6,52,4,10491.0035714
1,1,0,0,0,1,0,1,6,54,4,11277.8142857
0,1,1,0,1,0,0,1,2,51,2,9150.63928571
1,1,0,0,0,1,0,1,5,55,3,11681.8428571
0,1,1,0,1,0,0,1,3,55,0,18560.5964286
1,1,0,0,1,0,0,1,5,50,3,9685.67785714
0,1,1,0,0,0,1,1,5,52,5,7233.62178571
0,1,1,1,0,0,0,1,0,52,4,9705.61214286
0,1,1,0,1,0,0,1,2,53,6,9989.96
0,1,1,1,0,0,0,1,0,54,5,10272.7571429
1,1,0,0,1,0,0,1,6,52,0,15662.8964286
0,1,1,1,0,0,0,1,3,51,0,11419.4714286
0,1,1,0,0,1,0,1,4,50,1,8878.74357143
0,1,1,1,0,0,0,1,4,53,3,10233.0782143
1,1,0,0,0,0,1,1,3,52,1,10408.5107143
1,1,0,0,1,0,0,1,2,55,5,11659.8714286
0,1,1,0,1,0,0,1,0,50,5,8945.01428571
0,1,1,0,0,1,0,1,1,53,4,9920.37642857
1,1,0,0,0,1,0,1,4,54,2,11246.3321429
0,1,1,0,1,0,0,1,2,55,4,10562.8857143
0,1,1,1,0,0,0,1,3,50,4,6788.52142857
1,1,0,1,0,0,0,1,4,50,6,7232.70107143
0,1,1,0,0,1,0,1,4,53,5,9883.65392857
0,1,1,0,0,1,0,1,3,51,3,9119.67785714
0,1,1,0,1,0,0,1,5,55,1,13201.8571429
0,1,1,1,0,0,0,1,3,52,5,7396.72357143
0,1,1,0,1,0,0,1,4,53,0,14984.9821429
1,1,0,0,0,1,0,1,0,50,2,9610.01892857
1,1,0,0,0,1,0,1,2,51,3,8026.75142857
0,1,1,1,0,0,0,1,6,51,2,9392.68321429
0,1,1,1,0,0,0,1,6,52,4,7286.68321429
1,1,0,0,1,0,0,1,3,52,1,13365.0392857
0,1,1,0,0,0,1,1,4,52,3,9730.45642857
1,1,0,0,0,1,0,1,1,55,4,11669.8571429
1,1,0,0,0,0,1,1,5,54,0,14006.1428571
1,1,0,0,0,1,0,1,1,53,6,10844.9535714
1,1,0,0,0,0,1,1,5,55,6,11656.3928571
1,1,0,0,0,1,0,1,3,52,1,13055.7142857
1,1,0,0,1,0,0,1,5,55,2,11924.7357143
1,1,0,0,1,0,0,1,1,53,4,10762.7321429
0,1,1,0,0,0,1,1,4,50,3,9269.5275
1,1,0,1,0,0,0,1,0,50,5,9895.69964286
0,1,1,1,0,0,0,1,2,52,6,7277.77428571
0,1,1,1,0,0,0,1,2,51,3,9186.555
0,1,1,0,0,1,0,1,5,52,5,9678.38821429
0,1,1,0,0,0,1,1,0,51,6,9220.68857143
1,1,0,0,0,0,1,1,5,55,1,11627.6607143
0,1,1,1,0,0,0,1,1,54,3,10310.9785714
0,1,1,1,0,0,0,1,2,55,5,7933.42714286
1,1,0,0,0,0,1,1,5,55,5,11821.6785714
0,1,1,1,0,0,0,1,1,53,2,10109.3117857
1,1,0,0,1,0,0,1,6,51,6,7546.05357143
1,1,0,1,0,0,0,1,6,55,0,14492.7964286
1,1,0,0,0,0,1,1,2,52,3,10457.1214286
1,1,0,0,0,0,1,1,0,51,3,10047.5421429
1,1,0,0,1,0,0,1,6,52,5,7818.51357143
1,1,0,0,0,0,1,1,6,50,3,9798.09785714
1,1,0,0,0,0,1,1,3,54,0,16858.0107143
1,1,0,0,0,1,0,1,4,53,1,13502.4285714
0,1,1,0,0,1,0,1,5,51,4,6868.04535714
0,1,1,0,0,1,0,1,6,55,3,10588.3285714
0,1,1,0,1,0,0,1,5,55,3,10575.6678571
0,1,1,0,1,0,0,1,3,50,0,13139.5357143
0,1,1,1,0,0,0,1,6,54,0,12789.7
0,1,1,0,0,1,0,1,1,54,6,10171.8714286
0,1,1,0,0,0,1,1,1,54,4,10455.1714286
1,1,0,0,1,0,0,1,3,52,4,10421.1821429
1,1,0,0,1,0,0,1,0,55,5,11703.9821429
1,1,0,0,0,1,0,1,3,51,2,7606.95357143
0,1,1,1,0,0,0,1,1,52,4,9814.53321429
0,1,1,1,0,0,0,1,6,55,4,7917.30107143
0,1,1,0,0,1,0,1,2,53,1,12378.6107143
0,1,1,0,1,0,0,1,0,52,1,31323.3357143
1,1,0,0,1,0,0,1,4,53,1,13490.1285714
1,1,0,0,0,1,0,1,4,51,3,7601.19142857
0,1,1,1,0,0,0,1,2,50,3,9040.30964286
1,1,0,0,0,1,0,1,5,53,0,13508.6964286
0,1,1,0,1,0,0,1,0,55,1,34370.3
0,1,1,0,0,0,1,1,5,52,1,9574.14285714
1,1,0,0,0,1,0,1,0,51,6,7533.09357143
1,1,0,0,0,1,0,1,3,55,3,11689.3607143
1,1,0,0,0,0,1,1,3,50,6,7247.71428571
1,1,0,0,0,1,0,1,5,54,6,11264.3178571
0,1,1,0,1,0,0,1,4,54,3,10333.6714286
1,1,0,1,0,0,0,1,5,51,6,7577.32821429
0,1,1,0,0,1,0,1,5,53,2,9956.10321429
1,1,0,1,0,0,0,1,3,53,1,10791.5214286
0,1,1,0,1,0,0,1,4,55,4,10627.5678571
1,1,0,0,0,0,1,1,4,55,5,11699.1892857
1,1,0,0,1,0,0,1,4,51,2,10001.6275
0,1,1,0,1,0,0,1,0,50,2,8818.46142857
1,1,0,0,0,0,1,1,1,53,6,10908.9464286
0,1,1,0,1,0,0,1,4,51,4,9127.83035714
1,1,0,0,1,0,0,1,5,52,1,10477.5607143
1,1,0,0,0,1,0,1,4,51,6,7745.35892857
1,1,0,0,0,1,0,1,0,52,1,15710.0214286
0,1,1,0,0,1,0,1,1,53,1,9809.98571429
1,1,0,0,1,0,0,1,0,50,6,7207.1775
0,1,1,0,0,1,0,1,1,55,5,10598.4178571
0,1,1,1,0,0,0,1,2,54,5,7824.03642857
0,1,1,1,0,0,0,1,4,55,2,10552.0857143
0,1,1,0,0,0,1,1,1,54,0,20607.2571429
1,1,0,0,0,1,0,1,1,53,0,18975.7857143
0,1,1,0,0,0,1,1,6,54,3,10367.4464286
1,1,0,0,1,0,0,1,6,54,4,11225.5964286
1,1,0,1,0,0,0,1,3,53,2,11033.8321429
0,1,1,0,0,0,1,1,4,50,2,8815.59142857
0,1,1,0,1,0,0,1,1,53,3,9896.94214286
0,1,1,0,1,0,0,1,0,51,1,27386.1928571
0,1,1,0,0,1,0,1,6,54,5,10257.375
1,1,0,0,1,0,0,1,2,52,5,10469.6714286
1,1,0,0,0,0,1,1,2,55,0,14499.85
1,1,0,1,0,0,0,1,2,50,3,9829.34535714
1,1,0,0,0,0,1,1,5,52,4,10489.225
1,1,0,1,0,0,0,1,1,54,0,19757.45
1,1,0,1,0,0,0,1,5,53,4,8168.83035714
0,1,1,0,0,0,1,1,6,51,6,6869.8725
1,1,0,0,1,0,0,1,2,50,6,7227.58107143
1,1,0,0,1,0,0,1,4,53,5,10847.3071429
0,1,1,0,0,0,1,1,0,54,1,23035.3535714
1,1,0,0,1,0,0,1,0,52,5,10644.5964286
0,1,1,0,0,0,1,1,1,54,6,10283.3857143
0,1,1,1,0,0,0,1,6,53,0,12432.0178571
0,1,1,1,0,0,0,1,5,55,0,13184.025
1,1,0,0,1,0,0,1,4,54,0,17026.2964286
1,1,0,0,0,0,1,1,0,52,4,10475.45
0,1,1,0,1,0,0,1,0,54,5,10518.1285714
1,1,0,0,1,0,0,1,1,53,2,10947.4178571
1,1,0,1,0,0,0,1,3,55,4,8751.44142857
0,1,1,0,0,1,0,1,1,55,1,10582.3821429
0,1,1,0,1,0,0,1,1,53,6,10139.4446429
0,1,1,0,1,0,0,1,6,53,3,9886.40428571
1,1,0,0,1,0,0,1,2,50,3,9610.06535714
1,1,0,0,0,1,0,1,3,52,6,7882.50214286
0,1,1,0,0,0,1,1,1,51,6,9299.22214286
1,1,0,0,0,0,1,1,6,50,6,7266.365
1,1,0,0,0,0,1,1,4,53,1,10945.0214286
0,1,1,0,0,0,1,1,4,55,3,10796.1071429
1,1,0,0,0,0,1,1,4,50,1,9736.07285714
1,1,0,0,0,0,1,1,4,53,0,13506.9678571
0,1,1,1,0,0,0,1,6,53,3,7577.79714286
0,1,1,0,0,1,0,1,6,53,2,9901.13
1,1,0,0,0,0,1,1,3,52,5,10397.9964286
1,1,0,0,0,0,1,1,6,55,3,11694.5464286
1,1,0,0,0,0,1,1,2,55,6,11741.1178571
0,1,1,1,0,0,0,1,0,55,6,10640.5
0,1,1,0,0,0,1,1,4,51,0,11572.4178571
1,1,0,0,0,1,0,1,5,51,0,10196.2678571
0,1,1,1,0,0,0,1,3,50,5,6605.36714286
1,1,0,0,1,0,0,1,2,53,2,10852.0214286
1,1,0,0,0,1,0,1,5,54,2,11319.5714286
0,1,1,1,0,0,0,1,2,51,1,9217.34642857
0,1,1,0,1,0,0,1,5,53,1,12444.8678571
0,1,1,0,0,0,1,1,3,53,2,9955.07785714
1,1,0,0,0,0,1,1,5,50,2,9766.92428571
1,1,0,0,0,0,1,1,3,50,5,7367.22857143
1,1,0,0,1,0,0,1,6,52,2,10440.8607143
1,1,0,0,0,0,1,1,5,51,2,10005.7717857
0,1,1,0,0,0,1,1,3,54,1,10291.8785714
1,1,0,0,1,0,0,1,6,52,1,10412.6035714
0,1,1,0,0,1,0,1,4,52,1,9647.72535714
0,1,1,0,0,1,0,1,6,52,0,9880.35428571
1,1,0,0,0,0,1,1,0,52,6,10439.4607143
1,1,0,0,0,1,0,1,2,51,1,7837.27642857
1,1,0,0,0,1,0,1,6,50,0,9654.905
1,1,0,1,0,0,0,1,4,50,0,12048.7892857
0,1,1,0,0,1,0,1,2,52,0,9626.77107143
1,1,0,0,1,0,0,1,2,54,6,11241.1
0,1,1,0,1,0,0,1,0,52,6,9641.675
0,1,1,0,0,0,1,1,4,55,5,10730.6321429
1,1,0,0,1,0,0,1,1,55,4,11732.2285714
1,1,0,0,0,0,1,1,4,51,1,10003.1203571
0,1,1,0,1,0,0,1,3,53,6,9968.68035714
0,1,1,0,0,1,0,1,6,55,4,10578.9214286
0,1,1,1,0,0,0,1,3,51,6,6824.70107143
0,1,1,0,0,0,1,1,3,51,0,11428.3571429
1,1,0,1,0,0,0,1,0,51,3,10004.0764286
0,1,1,0,1,0,0,1,3,54,4,10248.2
0,1,1,0,0,1,0,1,3,52,2,9647.13
1,1,0,0,0,1,0,1,4,55,3,11651.575
1,1,0,0,0,0,1,1,6,53,2,10871.0392857
1,1,0,0,0,0,1,1,6,51,5,7598.74214286
0,1,1,0,0,1,0,1,1,52,6,7461.55821429
0,1,1,0,0,1,0,1,6,52,3,9614.96821429
1,1,0,0,0,0,1,1,6,55,1,11658.5178571
1,1,0,0,0,0,1,1,1,55,4,11821.5678571
0,1,1,0,0,0,1,1,3,55,4,10709.3928571
1,1,0,0,0,1,0,1,2,53,1,13660.5321429
1,1,0,0,0,1,0,1,3,50,0,9622.16892857
1,1,0,0,0,0,1,1,3,53,3,10815.7321429
1,1,0,0,0,1,0,1,4,54,6,11197.3535714
0,1,1,0,1,0,0,1,1,53,2,10515.6764286
1,1,0,0,0,0,1,1,0,51,4,10138.3535714
0,1,1,0,0,0,1,1,4,55,4,10721.2892857
1,1,0,0,0,0,1,1,5,50,6,7341.61357143
0,1,1,0,1,0,0,1,0,54,3,10761.5
0,1,1,0,0,0,1,1,4,52,5,9743.57535714
0,1,1,1,0,0,0,1,6,54,1,10445.2071429
0,1,1,1,0,0,0,1,2,50,0,11103.5785714
0,1,1,1,0,0,0,1,4,53,1,9913.59535714
0,1,1,0,0,1,0,1,3,52,5,7360.89821429
1,1,0,1,0,0,0,1,6,55,1,11738.7642857
0,1,1,1,0,0,0,1,2,50,2,8761.27785714
1,1,0,1,0,0,0,1,1,52,2,10421.075
0,1,1,0,0,1,0,1,1,51,6,9168.65964286
0,1,1,0,1,0,0,1,5,53,3,10134.5817857
0,1,1,0,1,0,0,1,1,50,0,28465.4178571
1,1,0,0,0,0,1,1,4,55,1,11630.9392857
1,1,0,0,0,1,0,1,2,52,0,13076.9321429
0,1,1,1,0,0,0,1,5,50,0,11036.9178571
1,1,0,0,0,0,1,1,0,53,4,10823.0321429
1,1,0,1,0,0,0,1,5,50,4,7307.43607143
1,1,0,0,1,0,0,1,4,52,6,7924.68857143
1,1,0,1,0,0,0,1,5,55,3,11717.7357143
1,1,0,0,0,0,1,1,3,50,0,12006.5107143
1,1,0,1,0,0,0,1,0,55,1,23227.7464286
0,1,1,0,0,1,0,1,3,51,1,9288.62178571
0,1,1,0,1,0,0,1,6,55,1,13204.0321429
0,1,1,1,0,0,0,1,1,54,2,10193.0714286
1,1,0,1,0,0,0,1,3,50,4,7252.92535714
1,1,0,0,0,1,0,1,5,52,2,10422.7857143
1,1,0,1,0,0,0,1,3,51,4,7518.64142857
1,1,0,1,0,0,0,1,4,52,6,7833.06607143
1,1,0,0,1,0,0,1,3,55,2,11641.375
0,1,1,0,0,0,1,1,5,51,6,6902.02107143
0,1,1,0,0,0,1,1,1,50,3,8802.33392857
0,1,1,0,1,0,0,1,4,51,3,9158.23714286
0,1,1,0,1,0,0,1,3,50,1,10953.8142857
0,1,1,0,0,1,0,1,6,50,4,8824.83464286
0,1,1,0,1,0,0,1,4,52,6,7402.7725
0,1,1,0,0,1,0,1,4,54,3,10458.8321429
1,1,0,0,0,0,1,1,6,55,6,11700.1714286
0,1,1,0,0,0,1,1,5,54,4,10274.2821429
0,1,1,1,0,0,0,1,1,52,5,7399.03178571
1,1,0,1,0,0,0,1,4,55,5,8691.52642857
1,1,0,0,0,1,0,1,6,54,1,11188.4571429
0,1,1,0,0,0,1,1,3,54,3,10268.7214286
0,1,1,0,0,1,0,1,1,50,3,6615.62321429
1,1,0,0,1,0,0,1,1,51,5,10042.0017857
0,1,1,0,1,0,0,1,1,52,1,12343.875
1,1,0,0,1,0,0,1,1,55,2,11602.5642857
0,1,1,0,1,0,0,1,5,52,1,9714.74035714
0,1,1,0,0,1,0,1,5,53,3,9817.64392857
0,1,1,0,0,1,0,1,1,54,0,17956.2964286
0,1,1,0,0,1,0,1,1,53,2,7518.18428571
0,1,1,0,0,0,1,1,3,50,2,8798.29107143
0,1,1,0,0,0,1,1,2,50,1,8811.77892857
1,1,0,0,1,0,0,1,0,52,2,13210.8535714
0,1,1,0,0,0,1,1,1,55,1,13395.5857143
0,1,1,1,0,0,0,1,3,55,6,7962.53821429
0,1,1,0,0,0,1,1,6,51,5,6979.78071429
0,1,1,0,0,1,0,1,3,52,4,7304.41428571
0,1,1,1,0,0,0,1,6,54,6,7947.12
1,1,0,0,0,0,1,1,3,54,2,11516.9321429
0,1,1,1,0,0,0,1,5,51,3,7028.36035714
0,1,1,0,0,0,1,1,1,52,5,9651.78392857
1,1,0,1,0,0,0,1,3,54,4,11312.9392857
0,1,1,0,0,1,0,1,4,54,1,12780.8392857
1,1,0,0,0,1,0,1,0,51,2,9988.96821429
1,1,0,1,0,0,0,1,4,54,6,8381.46035714
1,1,0,1,0,0,0,1,4,50,5,7208.53607143
1,1,0,0,1,0,0,1,6,52,3,10479.3571429
0,1,1,1,0,0,0,1,1,51,5,6910.43357143
1,1,0,0,1,0,0,1,3,50,2,9634.16428571
0,1,1,0,0,1,0,1,5,50,5,8827.15321429
1,1,0,1,0,0,0,1,4,53,4,8079.07678571
1,1,0,0,0,1,0,1,0,50,6,7337.53035714
0,1,1,0,1,0,0,1,6,54,0,15479.2285714
1,1,0,0,1,0,0,1,2,51,6,7531.55964286
0,1,1,0,1,0,0,1,5,51,5,6984.51642857
0,1,1,0,0,0,1,1,4,51,1,9229.78
1,1,0,0,0,0,1,1,2,55,5,11610.725
1,1,0,0,0,0,1,1,3,55,2,11662.6321429
0,1,1,0,0,0,1,1,2,51,3,9268.97107143
1,1,0,0,0,0,1,1,4,54,5,11368.0285714
1,1,0,0,0,1,0,1,6,55,0,14499.1357143
0,1,1,1,0,0,0,1,6,50,2,8897.71571429
1,1,0,0,0,0,1,1,3,50,4,9660.10607143
0,1,1,1,0,0,0,1,1,55,0,15878.875
0,1,1,0,0,0,1,1,5,53,6,9877.82607143
1,1,0,0,0,1,0,1,2,54,6,11308.2785714
1,1,0,0,0,1,0,1,6,50,2,7307.08571429
0,1,1,0,1,0,0,1,1,54,4,10347.7142857
1,1,0,1,0,0,0,1,4,55,1,11714.8892857
1,1,0,1,0,0,0,1,1,54,3,11266.2035714
0,1,1,0,1,0,0,1,3,51,2,9233.07321429
1,1,0,0,0,1,0,1,6,53,2,10783.4392857
0,1,1,0,0,1,0,1,3,52,6,9688.48357143
1,1,0,0,1,0,0,1,1,51,1,12602.4571429
0,1,1,1,0,0,0,1,6,53,2,9976.33214286
1,1,0,0,0,1,0,1,3,52,0,8025.37178571
1,1,0,1,0,0,0,1,4,50,1,9585.32035714
0,1,1,1,0,0,0,1,5,52,0,12532.925
0,1,1,1,0,0,0,1,6,53,5,7640.56678571
1,1,0,1,0,0,0,1,3,51,2,9969.31142857
1,1,0,0,0,1,0,1,0,54,2,11318.95
1,1,0,0,0,0,1,1,4,53,6,10800.2821429
1,1,0,0,0,1,0,1,5,53,4,10787.7321429
0,1,1,1,0,0,0,1,6,50,0,8754.27571429
0,1,1,0,0,1,0,1,1,50,5,6638.02321429
1,1,0,0,0,1,0,1,1,52,6,7943.52821429
1,1,0,0,1,0,0,1,1,52,5,10581.4892857
0,1,1,0,0,0,1,1,3,53,6,9980.67035714
1,1,0,0,1,0,0,1,2,54,5,11298.8
1,1,0,0,0,0,1,1,1,55,5,11674.5535714
1,1,0,0,0,1,0,1,5,54,1,13977.35
1,1,0,0,0,1,0,1,5,50,4,9646.54107143
0,1,1,0,0,0,1,1,2,50,2,8868.04571429
1,1,0,1,0,0,0,1,1,53,2,10780.6214286
0,1,1,0,1,0,0,1,5,55,6,10673.5857143
0,1,1,0,0,0,1,1,4,50,4,8833.81142857
0,1,1,0,0,0,1,1,1,53,3,9907.19285714
0,1,1,0,0,0,1,1,6,51,4,7022.48178571
0,1,1,1,0,0,0,1,6,53,1,10111.5889286
0,1,1,0,1,0,0,1,1,54,5,10179.4857143
0,1,1,0,0,1,0,1,2,51,3,9106.78928571
1,1,0,0,0,1,0,1,5,53,5,10851.3535714
0,1,1,0,0,1,0,1,4,51,2,6889.85178571
1,1,0,0,0,0,1,1,1,51,6,10176.0842857
1,1,0,0,1,0,0,1,2,53,1,13466.2535714
0,1,1,0,0,1,0,1,4,53,1,10259.8357143
1,1,0,1,0,0,0,1,4,51,4,7614.11678571
0,1,1,1,0,0,0,1,4,55,6,7937.0025
1,1,0,0,1,0,0,1,2,51,1,12666.4
1,1,0,0,0,0,1,1,4,52,4,10437.1678571
1,1,0,1,0,0,0,1,2,53,5,8136.41464286
1,1,0,1,0,0,0,1,2,51,0,12529.8
0,1,1,0,0,0,1,1,4,54,2,10261.8214286
1,1,0,0,0,0,1,1,2,52,0,13061.2321429
1,1,0,1,0,0,0,1,5,52,5,7827.3175
1,1,0,0,1,0,0,1,2,55,3,11590.9464286
1,1,0,0,0,1,0,1,3,52,4,7921.04964286
1,1,0,0,0,1,0,1,6,52,1,10514.9035714
1,1,0,0,0,0,1,1,0,53,1,21636.4642857
0,1,1,0,0,0,1,1,3,50,1,8799.90321429
1,1,0,0,0,1,0,1,1,52,3,7873.00142857
0,1,1,0,0,1,0,1,5,51,3,6932.42214286
1,1,0,1,0,0,0,1,2,54,2,11422.3821429
1,1,0,0,0,0,1,1,6,52,2,10454.95
0,1,1,0,0,0,1,1,1,55,2,13486.0821429
1,1,0,1,0,0,0,1,6,50,5,7401.405
1,1,0,0,1,0,0,1,0,50,2,9620.04857143
1,1,0,0,0,1,0,1,0,54,1,16920.8821429
0,1,1,1,0,0,0,1,4,54,2,10358.0357143
0,1,1,1,0,0,0,1,4,55,1,10656.1107143
1,1,0,1,0,0,0,1,4,51,0,12528.9892857
1,1,0,0,0,1,0,1,1,50,0,17204.0071429
1,1,0,0,0,1,0,1,2,55,2,11672.7285714
1,1,0,1,0,0,0,1,5,54,4,8485.33821429
0,1,1,0,0,1,0,1,4,51,6,9232.57892857
0,1,1,0,0,1,0,1,5,52,1,9659.76821429
0,1,1,1,0,0,0,1,3,55,4,7981.63464286
1,1,0,1,0,0,0,1,6,52,2,10514.4071429
0,1,1,1,0,0,0,1,4,51,5,6834.02821429
1,1,0,0,1,0,0,1,0,50,3,9694.27892857
1,1,0,0,0,1,0,1,0,50,3,7208.78571429
0,1,1,0,1,0,0,1,4,52,3,9808.20464286
1,1,0,0,1,0,0,1,0,52,1,28690.6857143
1,1,0,0,0,1,0,1,1,50,1,9631.49214286
0,1,1,0,0,0,1,1,5,55,1,10780.1821429
1,1,0,0,0,1,0,1,0,54,6,11502.8357143
1,1,0,0,0,1,0,1,2,53,4,10787.3071429
0,1,1,0,1,0,0,1,3,55,2,10614.5178571
0,1,1,0,0,0,1,1,5,55,6,7976.0775
0,1,1,1,0,0,0,1,0,55,3,10668.1928571
1,1,0,0,0,0,1,1,1,55,0,23312.4821429
1,1,0,0,1,0,0,1,4,51,3,9978.47
1,1,0,0,1,0,0,1,0,50,4,9769.73178571
1,1,0,0,1,0,0,1,0,52,4,10425.2714286
0,1,1,1,0,0,0,1,6,55,5,7917.62428571
0,1,1,0,0,0,1,1,2,51,1,9385.075
0,1,1,0,0,0,1,1,0,55,6,10638.0571429
0,1,1,0,0,0,1,1,0,50,4,8913.83285714
1,1,0,0,0,0,1,1,5,55,3,11593.2642857
1,1,0,0,0,1,0,1,3,54,2,11287.9321429
1,1,0,0,1,0,0,1,6,55,2,11611.9178571
1,1,0,0,0,0,1,1,3,55,6,11620.2964286
0,1,1,0,0,0,1,1,4,51,5,9157.31642857
1,1,0,0,1,0,0,1,5,54,6,11361.9928571
0,1,1,0,0,1,0,1,4,51,3,6921.32785714
1,1,0,0,1,0,0,1,2,50,0,16879.5857143
0,1,1,1,0,0,0,1,3,50,3,8818.21214286
1,1,0,0,0,0,1,1,4,54,2,11229.0607143
0,1,1,1,0,0,0,1,6,51,1,9146.46785714
1,1,0,1,0,0,0,1,1,53,0,21736.6107143
1,1,0,1,0,0,0,1,6,51,0,10026.5710714
1,1,0,1,0,0,0,1,3,55,0,14506.4285714
1,1,0,1,0,0,0,1,6,51,5,7720.67392857
0,1,1,1,0,0,0,1,1,53,5,7788.895
1,1,0,0,0,0,1,1,0,55,1,23248.4928571
1,1,0,0,1,0,0,1,4,55,1,14503.7321429
1,1,0,1,0,0,0,1,6,55,2,11600.4607143
1,1,0,1,0,0,0,1,2,51,2,10003.2982143
0,1,1,0,0,0,1,1,5,55,2,10634.375
1,1,0,0,0,0,1,1,3,51,4,10043.065
0,1,1,0,0,1,0,1,2,53,5,9886.71214286
0,1,1,0,0,1,0,1,5,53,1,10018.7089286
0,1,1,0,0,0,1,1,3,52,1,9573.6275
1,1,0,0,1,0,0,1,3,52,5,10621.3607143
1,1,0,0,0,0,1,1,1,52,1,13020.7178571
1,1,0,1,0,0,0,1,2,52,5,7899.805
0,1,1,0,1,0,0,1,4,53,2,9867.48035714
0,1,1,0,0,0,1,1,5,50,6,6599.87928571
0,1,1,0,0,0,1,1,0,54,4,10301.075
1,1,0,1,0,0,0,1,5,53,3,8118.21357143
1,1,0,0,0,1,0,1,1,51,6,10241.3532143
1,1,0,0,1,0,0,1,4,52,4,10436.4464286
0,1,1,1,0,0,0,1,4,50,3,8891.38892857
0,1,1,0,1,0,0,1,3,52,4,9846.49892857
0,1,1,1,0,0,0,1,3,51,2,9112.44107143
0,1,1,0,0,1,0,1,2,55,6,10617.8964286
0,1,1,0,0,1,0,1,4,52,2,9576.28607143
1,1,0,1,0,0,0,1,0,53,5,10788.8107143
0,1,1,0,0,1,0,1,3,50,1,10955.4714286
1,1,0,0,0,0,1,1,2,52,6,7841.62321429
1,1,0,0,0,1,0,1,4,54,5,11238.6107143
1,1,0,0,0,1,0,1,6,55,1,11617.3428571
1,1,0,1,0,0,0,1,2,53,4,10768.4464286
1,1,0,0,1,0,0,1,1,52,0,36620.5535714
0,1,1,1,0,0,0,1,4,52,3,9750.36857143
0,1,1,1,0,0,0,1,2,53,3,9893.18107143
0,1,1,0,0,0,1,1,3,51,3,9231.42607143
1,1,0,0,0,0,1,1,6,54,5,8492.15321429
0,1,1,0,0,0,1,1,6,53,2,10031.4114286
1,1,0,0,0,0,1,1,0,50,6,7387.46285714
0,1,1,1,0,0,0,1,1,52,0,12304.2785714
0,1,1,0,0,1,0,1,5,54,6,10189.2464286
0,1,1,0,0,0,1,1,2,50,5,6780.63
1,1,0,0,0,1,0,1,5,54,0,14108.8035714
0,1,1,0,1,0,0,1,6,52,0,14460.025
1,1,0,0,0,0,1,1,5,53,3,10894.0928571
0,1,1,0,1,0,0,1,6,52,5,7365.07035714
1,1,0,0,0,1,0,1,0,50,5,7283.26714286
1,1,0,0,0,1,0,1,0,52,4,7854.09321429
1,1,0,1,0,0,0,1,3,52,6,7870.50357143
0,1,1,0,0,0,1,1,5,55,0,13460.5892857
1,1,0,0,0,0,1,1,3,53,2,11017.7285714
1,1,0,0,0,1,0,1,5,51,3,7671.01928571
1,1,0,0,0,0,1,1,0,50,5,9662.42035714
0,1,1,0,0,1,0,1,4,50,0,8907.06214286
1,1,0,1,0,0,0,1,2,54,6,8651.33535714
0,1,1,0,1,0,0,1,6,53,0,14792.4678571
0,1,1,0,1,0,0,1,1,51,4,9157.99821429
1,1,0,0,0,0,1,1,4,51,5,7526.2075
0,1,1,0,0,0,1,1,3,55,2,10621.3571429
1,1,0,0,1,0,0,1,6,50,0,14523.2285714
1,1,0,0,0,0,1,1,4,52,2,10439.8821429
0,1,1,1,0,0,0,1,0,52,2,9594.52714286
0,1,1,0,0,1,0,1,2,51,5,9100.05714286
1,1,0,0,1,0,0,1,2,52,1,13109.1678571
1,1,0,0,1,0,0,1,6,50,3,9710.78964286
0,1,1,0,1,0,0,1,5,50,0,13283.9321429
0,1,1,1,0,0,0,1,3,50,6,6672.10464286
1,1,0,0,1,0,0,1,1,53,3,10828.9464286
0,1,1,0,1,0,0,1,3,55,4,10549.575
0,1,1,0,0,0,1,1,3,53,5,10046.2942857
1,1,0,0,0,0,1,1,2,54,5,11251.1
1,1,0,0,0,0,1,1,3,54,6,8433.66821429
1,1,0,0,0,1,0,1,3,52,3,10536.6857143
0,1,1,0,0,1,0,1,2,54,2,10242.5392857
0,1,1,0,1,0,0,1,2,53,0,17283.8642857
1,1,0,1,0,0,0,1,5,51,0,12527.1928571
1,1,0,0,0,0,1,1,1,54,4,11283.2642857
1,1,0,1,0,0,0,1,2,52,3,10517.2
0,1,1,0,0,0,1,1,0,51,4,9191.22535714
1,1,0,0,0,1,0,1,6,50,4,9684.13107143
0,1,1,0,0,1,0,1,2,50,4,6640.87964286
1,1,0,0,0,0,1,1,5,52,0,13018.6928571
1,1,0,0,0,1,0,1,1,55,6,11675.8071429
1,1,0,0,0,0,1,1,5,51,4,7718.94142857
1,1,0,1,0,0,0,1,4,51,5,7576.13178571
0,1,1,1,0,0,0,1,0,51,3,9205.19392857
0,1,1,0,1,0,0,1,3,51,3,9183.75357143
0,1,1,0,0,1,0,1,2,50,0,8801.73857143
1,1,0,1,0,0,0,1,5,50,0,12113.725
1,1,0,0,0,0,1,1,4,55,0,17408.4964286
1,1,0,0,0,1,0,1,6,50,3,9618.2225
0,1,1,0,0,1,0,1,4,55,6,10620.8464286
1,1,0,0,0,1,0,1,2,53,0,13628.3178571
1,1,0,1,0,0,0,1,5,55,2,11593.1642857
1,1,0,0,0,1,0,1,2,50,6,7263.30535714
1,1,0,1,0,0,0,1,1,50,2,9611.14214286
0,1,1,0,0,0,1,1,1,51,1,11658.7642857
0,1,1,0,0,0,1,1,4,55,2,10659.9678571
0,1,1,1,0,0,0,1,0,54,6,7885.63678571
0,1,1,0,1,0,0,1,6,53,4,10019.2196429
0,1,1,0,0,1,0,1,5,52,6,9624.28964286
0,1,1,0,1,0,0,1,0,53,1,29611.4142857
1,1,0,1,0,0,0,1,1,52,5,7913.07428571
0,1,1,1,0,0,0,1,0,53,3,10365.4271429
0,1,1,1,0,0,0,1,1,55,5,10695.7
0,1,1,0,0,0,1,1,0,52,5,9608.80035714
1,1,0,1,0,0,0,1,2,50,4,7260.82
1,1,0,0,0,1,0,1,3,50,4,9637.28642857
0,1,1,1,0,0,0,1,2,54,1,10224.2392857
0,1,1,0,0,1,0,1,6,54,6,10245.3678571
0,1,1,0,0,0,1,1,0,55,3,10696.6
0,1,1,0,1,0,0,1,5,51,4,9140.66714286
0,1,1,0,1,0,0,1,0,54,4,10204.7071429
0,1,1,0,0,0,1,1,3,51,4,9250.59821429
1,1,0,0,1,0,0,1,2,54,1,14060.8214286
0,1,1,1,0,0,0,1,0,53,6,7731.82571429
1,1,0,0,1,0,0,1,6,53,5,10828.7
1,1,0,0,0,0,1,1,1,52,5,10411.4928571
1,1,0,0,0,1,0,1,0,55,6,11607.1107143
0,1,1,0,0,0,1,1,0,53,6,9987.70285714
0,1,1,0,1,0,0,1,1,55,1,13255.7428571
1,1,0,0,0,1,0,1,5,55,2,11706.1071429
1,1,0,1,0,0,0,1,6,53,4,8145.60928571
1,1,0,1,0,0,0,1,0,53,6,8122.21785714
1,1,0,0,0,0,1,1,6,52,3,10452.7
0,1,1,0,1,0,0,1,4,54,6,10498.3321429
0,1,1,1,0,0,0,1,2,52,2,9690.22071429
0,1,1,0,0,0,1,1,3,52,0,11980.7285714
1,1,0,0,0,1,0,1,4,52,0,10621.9821429
0,1,1,1,0,0,0,1,0,50,5,8800.89392857
1,1,0,0,0,0,1,1,1,53,4,10803.5964286
1,1,0,1,0,0,0,1,5,54,6,8396.12178571
1,1,0,0,1,0,0,1,5,55,4,11594.1285714
1,1,0,0,0,0,1,1,5,50,1,9741.66392857
0,1,1,0,1,0,0,1,4,54,1,12940.7107143
0,1,1,0,0,0,1,1,6,51,1,9233.63035714
1,1,0,1,0,0,0,1,2,53,1,10838.4535714
1,1,0,0,0,1,0,1,2,54,0,14045.65
0,1,1,0,0,1,0,1,0,54,3,10337.8035714
0,1,1,1,0,0,0,1,3,52,4,7265.46464286
1,1,0,1,0,0,0,1,1,50,0,19289.5178571
0,1,1,0,0,0,1,1,2,53,3,9887.03964286
0,1,1,0,0,0,1,1,3,54,5,10307.5357143
1,1,0,1,0,0,0,1,0,52,2,10641.8357143
1,1,0,1,0,0,0,1,1,52,3,10550.1714286
0,1,1,1,0,0,0,1,5,53,3,7620.21428571
1,1,0,0,0,1,0,1,1,51,3,7676.81071429
0,1,1,0,1,0,0,1,1,51,6,6933.26821429
1,1,0,0,1,0,0,1,2,52,4,10487.9107143
1,1,0,0,0,1,0,1,1,50,3,7263.26035714
1,1,0,0,0,0,1,1,0,55,3,11832.55
0,1,1,1,0,0,0,1,5,50,1,8745.27714286
1,1,0,0,0,1,0,1,1,53,5,10800.2642857
0,1,1,0,0,1,0,1,0,50,4,6578.66285714
1,1,0,0,0,0,1,1,2,52,1,10521.675
0,1,1,1,0,0,0,1,2,55,0,13293.5821429
1,1,0,0,1,0,0,1,5,53,1,13496.2928571
0,1,1,0,0,1,0,1,2,55,2,10596.3357143
1,1,0,1,0,0,0,1,3,50,0,12071.2071429
1,1,0,1,0,0,0,1,4,50,2,9590.87214286
0,1,1,0,0,0,1,1,6,54,5,10379.5071429
1,1,0,0,0,1,0,1,4,53,3,10876.7821429
1,1,0,1,0,0,0,1,3,53,6,8117.57142857
1,1,0,0,1,0,0,1,0,52,3,10526.2785714
1,1,0,1,0,0,0,1,0,53,4,10787.2107143
0,1,1,0,0,0,1,1,5,51,5,7022.49571429
0,1,1,0,0,1,0,1,1,50,1,8747.9225
1,1,0,1,0,0,0,1,5,53,6,8349.74464286
1,1,0,1,0,0,0,1,4,54,4,8538.68678571
0,1,1,0,0,1,0,1,6,52,1,9659.28964286
1,1,0,0,0,1,0,1,0,51,3,7531.97428571
0,1,1,0,1,0,0,1,0,52,5,9761.40821429
1,1,0,0,0,0,1,1,6,54,6,8520.44642857
1,1,0,0,0,0,1,1,3,51,2,10045.7639286
1,1,0,0,0,0,1,1,2,51,1,10175.5260714
1,1,0,0,0,1,0,1,4,53,2,10820.4035714
0,1,1,1,0,0,0,1,4,50,5,6650.28392857
1,1,0,1,0,0,0,1,4,52,2,10431.9607143
0,1,1,1,0,0,0,1,1,55,2,10670.1785714
0,1,1,0,0,0,1,1,2,53,6,9882.41285714
1,1,0,0,0,1,0,1,5,55,5,11740.6642857
0,1,1,0,1,0,0,1,2,52,1,12446.9785714
1,1,0,0,0,1,0,1,6,55,2,11628.6821429
0,1,1,1,0,0,0,1,4,50,2,8883.6975
1,1,0,0,1,0,0,1,6,53,4,10840.1357143
0,1,1,0,1,0,0,1,2,50,2,8846.90892857
0,1,1,0,0,0,1,1,4,51,6,6903.15571429
1,1,0,0,1,0,0,1,1,50,0,28787.1821429
0,1,1,0,1,0,0,1,6,55,2,10666.1035714
1,1,0,0,0,0,1,1,0,55,6,11633.6178571
1,1,0,1,0,0,0,1,3,55,1,11608.9892857
1,1,0,0,0,0,1,1,1,52,4,10409.3785714
0,1,1,0,1,0,0,1,2,51,3,9088.07964286
0,1,1,0,0,1,0,1,1,55,4,10585.6642857
1,1,0,0,1,0,0,1,3,52,6,7823.79714286
1,1,0,0,0,1,0,1,1,53,4,10957.0714286
1,1,0,0,1,0,0,1,6,54,5,11262.0785714
0,1,1,0,0,1,0,1,3,50,2,8771.17571429
0,1,1,0,0,1,0,1,1,52,1,9588.0225
1,1,0,0,1,0,0,1,1,51,6,7673.93678571
1,1,0,0,1,0,0,1,2,50,4,9611.81357143
0,1,1,0,1,0,0,1,2,53,3,9874.48714286
0,1,1,0,1,0,0,1,2,55,3,10554.3821429
1,1,0,0,0,0,1,1,3,51,6,10025.2017857
1,1,0,0,0,1,0,1,4,52,1,10674.4071429
1,1,0,0,0,0,1,1,0,55,4,11782.0607143
1,1,0,1,0,0,0,1,4,54,1,11325.1285714
1,1,0,1,0,0,0,1,6,54,0,13990.8357143
1,1,0,0,0,0,1,1,3,54,4,11278.0714286
1,1,0,0,0,0,1,1,2,50,5,7281.7525
1,1,0,0,0,0,1,1,0,51,2,10058.47
1,1,0,0,0,0,1,1,2,54,1,11184.1464286
0,1,1,0,0,0,1,1,2,54,1,10341.6964286
1,1,0,0,0,1,0,1,4,55,0,14498.2678571
0,1,1,0,1,0,0,1,3,51,1,11578.15
1,1,0,0,0,0,1,1,5,50,3,9706.44428571
1,1,0,1,0,0,0,1,1,53,6,8173.23821429
0,1,1,0,1,0,0,1,1,53,4,10081.9564286
1,1,0,1,0,0,0,1,2,55,3,11593.4357143
0,1,1,0,1,0,0,1,6,54,5,10356.2392857
1,1,0,1,0,0,0,1,3,53,5,8091.98678571
1,1,0,0,0,0,1,1,0,50,3,9692.28357143
0,1,1,0,0,1,0,1,2,53,2,9834.14071429
1,1,0,0,0,0,1,1,3,52,4,10469.4464286
1,1,0,0,0,1,0,1,2,54,2,11214.4285714
0,1,1,0,1,0,0,1,1,54,6,10355.425
0,1,1,0,0,1,0,1,2,52,5,9580.1575
1,1,0,0,0,1,0,1,6,50,5,9700.51857143
1,1,0,0,0,0,1,1,2,54,3,11351.9857143
1,1,0,0,0,1,0,1,6,52,0,13144.6428571
1,1,0,1,0,0,0,1,5,55,1,11712.8321429
0,1,1,0,0,0,1,1,4,52,4,9616.89714286
0,1,1,0,1,0,0,1,4,55,0,15837.3285714
0,1,1,0,0,1,0,1,4,51,1,7137.62178571
1,1,0,1,0,0,0,1,1,55,3,11626.1107143
0,1,1,0,0,1,0,1,0,52,6,7223.75035714
0,1,1,1,0,0,0,1,4,50,4,6716.22071429
0,1,1,0,0,1,0,1,6,53,4,9833.40107143
0,1,1,1,0,0,0,1,2,51,6,6835.28
0,1,1,0,1,0,0,1,1,55,5,10632.7857143
0,1,1,0,1,0,0,1,0,52,3,9578.09642857
1,1,0,0,1,0,0,1,5,54,0,16839.8071429
1,1,0,0,1,0,0,1,4,54,3,11177.1178571
0,1,1,1,0,0,0,1,2,50,4,6697.9525
0,1,1,0,0,1,0,1,6,50,0,7028.71428571
0,1,1,0,0,1,0,1,1,55,0,18745.0607143
1,1,0,0,1,0,0,1,5,55,3,11684.1071429
0,1,1,1,0,0,0,1,5,54,3,10260.3571429
1,1,0,0,0,1,0,1,2,51,5,9980.36857143
0,1,1,0,0,0,1,1,1,52,4,9734.43321429
0,1,1,0,0,1,0,1,6,50,5,8781.76714286
1,1,0,1,0,0,0,1,6,50,6,7197.61892857
1,1,0,0,1,0,0,1,3,55,6,11739.8428571
0,1,1,0,0,1,0,1,5,54,2,10238.0678571
0,1,1,0,0,1,0,1,6,51,0,9255.41785714
1,1,0,1,0,0,0,1,6,53,3,8276.78071429
1,1,0,0,0,0,1,1,4,50,3,9590.95035714
0,1,1,0,0,1,0,1,2,50,6,6713.91214286
0,1,1,0,1,0,0,1,2,55,2,10576.2857143
1,1,0,1,0,0,0,1,6,53,1,10930.4785714
0,1,1,0,0,1,0,1,5,54,4,10194.8142857
0,1,1,0,0,0,1,1,6,52,6,7329.33785714
1,1,0,0,1,0,0,1,3,55,0,20278.825
1,1,0,0,0,1,0,1,3,50,2,9699.65428571
1,1,0,0,0,1,0,1,1,53,2,8322.64785714
1,1,0,0,1,0,0,1,4,55,4,11613.0607143
1,1,0,0,1,0,0,1,6,51,1,10009.1167857
1,1,0,0,0,0,1,1,6,51,4,7520.615
1,1,0,0,0,1,0,1,4,52,2,10505.2285714
0,1,1,0,1,0,0,1,5,51,0,13663.8178571
1,1,0,0,0,1,0,1,1,52,4,7849.4875
0,1,1,0,1,0,0,1,0,55,2,13315.9785714
0,1,1,0,1,0,0,1,2,53,4,10000.2767857
1,1,0,1,0,0,0,1,3,54,0,14026.4678571
0,1,1,1,0,0,0,1,1,53,3,10194.2639286
0,1,1,0,0,1,0,1,2,50,3,6602.7475
1,1,0,0,0,0,1,1,0,54,5,11347.8464286
0,1,1,0,1,0,0,1,6,50,1,8770.6525
0,1,1,0,0,0,1,1,6,54,0,15573.5642857
1,1,0,0,0,0,1,1,2,51,5,9986.17035714
1,1,0,1,0,0,0,1,6,54,6,8395.99357143
1,1,0,0,0,0,1,1,2,51,6,7564.16821429
1,1,0,0,0,0,1,1,4,51,6,7648.37285714
1,1,0,0,0,0,1,1,1,51,1,12473.9071429
0,1,1,0,0,0,1,1,4,50,1,8936.5375
1,1,0,0,0,1,0,1,5,54,5,11214.4428571
1,1,0,0,1,0,0,1,2,54,4,11295.125
0,1,1,1,0,0,0,1,2,53,5,7654.03178571
1,1,0,0,0,0,1,1,2,53,2,10833.4785714
0,1,1,0,0,0,1,1,6,53,1,9898.47964286
0,1,1,1,0,0,0,1,5,53,5,7459.02428571
1,1,0,0,0,1,0,1,6,52,3,8022.62357143
0,1,1,1,0,0,0,1,5,55,2,10709.8714286
0,1,1,0,1,0,0,1,0,53,6,10019.9507143
1,1,0,0,0,0,1,1,5,51,1,10049.6707143
1,1,0,0,1,0,0,1,4,51,6,7522.40892857
1,1,0,0,1,0,0,1,4,53,6,10874.2678571
0,1,1,0,0,0,1,1,2,53,2,9995.30285714
0,1,1,0,1,0,0,1,6,53,6,10147.825
0,1,1,0,1,0,0,1,4,51,2,9236.03928571
1,1,0,1,0,0,0,1,6,50,1,9811.64071429
1,1,0,0,0,1,0,1,5,55,6,11746.125
1,1,0,0,1,0,0,1,3,54,1,14219.9571429
1,1,0,1,0,0,0,1,0,53,2,10864.4642857
1,1,0,1,0,0,0,1,0,50,6,7264.22428571
0,1,1,0,0,1,0,1,1,55,6,10663.775
0,1,1,0,1,0,0,1,2,54,1,12776.875
0,1,1,0,1,0,0,1,5,55,0,15853.075
1,1,0,0,0,0,1,1,0,52,3,10492.1607143
0,1,1,0,1,0,0,1,5,50,5,6590.01214286
0,1,1,0,0,0,1,1,3,55,3,10630.6321429
0,1,1,1,0,0,0,1,4,55,0,13226.2071429
1,1,0,0,1,0,0,1,3,50,0,14526.2678571
1,1,0,1,0,0,0,1,3,55,3,11816.925
1,1,0,1,0,0,0,1,3,51,3,10071.2107143
1,1,0,0,1,0,0,1,5,51,6,7702.18714286
1,1,0,0,1,0,0,1,5,53,2,10835.5464286
0,1,1,0,0,0,1,1,0,50,2,8843.53
1,1,0,0,0,1,0,1,6,51,4,7640.78
1,1,0,0,0,0,1,1,1,52,3,10617.2928571
1,1,0,1,0,0,0,1,4,51,1,9958.1825
1,1,0,0,0,0,1,1,5,51,6,7499.15035714
1,1,0,0,0,1,0,1,3,50,5,9606.04964286
0,1,1,0,0,0,1,1,5,50,3,8901.99642857
0,1,1,0,1,0,0,1,3,53,5,10071.7632143
0,1,1,0,0,0,1,1,5,54,6,7910.7675
0,1,1,1,0,0,0,1,4,52,2,9873.56428571
1,1,0,0,0,0,1,1,3,54,1,11272.5357143
1,1,0,0,0,1,0,1,1,54,5,11172.025
0,1,1,0,0,1,0,1,3,53,6,9834.67785714
0,1,1,0,0,0,1,1,6,55,0,13298.95
0,1,1,1,0,0,0,1,3,54,5,7699.78285714
0,1,1,0,0,1,0,1,3,54,3,10173.7642857
0,1,1,0,0,1,0,1,4,50,2,8930.21678571
1,1,0,0,0,0,1,1,5,54,2,11362.8285714
0,1,1,0,1,0,0,1,0,50,1,26361.9535714
1,1,0,0,1,0,0,1,2,52,2,10471.2392857
1,1,0,0,0,0,1,1,3,52,0,15859.9
0,1,1,1,0,0,0,1,0,53,1,19852.6642857
1,1,0,0,0,1,0,1,2,55,3,11592.9785714
0,1,1,0,1,0,0,1,2,54,2,10256.2785714
0,1,1,0,1,0,0,1,4,51,1,11358.7392857
0,1,1,0,0,0,1,1,4,55,0,15971.8928571
0,1,1,0,1,0,0,1,3,54,3,10308.7785714
0,1,1,0,0,0,1,1,0,52,3,9813.0375
1,1,0,1,0,0,0,1,2,55,5,8848.59785714
0,1,1,1,0,0,0,1,3,55,1,10788.2035714
1,1,0,0,0,0,1,1,2,50,3,9812.06428571
1,1,0,0,0,1,0,1,3,53,5,10953.0714286
1,1,0,0,0,1,0,1,0,54,5,11377.4214286
0,1,1,1,0,0,0,1,1,54,5,10380.525
1,1,0,0,1,0,0,1,0,54,2,14073.675
1,1,0,0,0,0,1,1,5,52,1,10459.4285714
0,1,1,0,0,1,0,1,0,53,2,10013.1335714
0,1,1,0,0,1,0,1,3,51,0,9301.27428571
1,1,0,0,1,0,0,1,1,51,3,10021.5946429
1,1,0,0,1,0,0,1,1,50,4,9680.75892857
0,1,1,0,0,1,0,1,3,53,5,9868.68142857
1,1,0,0,0,1,0,1,0,54,3,11276.5785714
0,1,1,0,0,1,0,1,5,54,1,10216.5678571
1,1,0,0,1,0,0,1,3,54,4,11205.1214286
0,1,1,0,1,0,0,1,6,54,3,10479.2857143
0,1,1,0,0,1,0,1,3,54,0,12829.9642857
0,1,1,1,0,0,0,1,1,52,2,9637.19214286
0,1,1,1,0,0,0,1,2,51,4,9140.50214286
1,1,0,1,0,0,0,1,2,54,1,14157.3071429
0,1,1,0,0,0,1,1,2,50,4,8938.15464286
0,1,1,0,0,1,0,1,2,55,0,10947.9
1,1,0,0,0,0,1,1,1,53,2,10867.4285714
1,1,0,1,0,0,0,1,4,52,0,13044.1035714
0,1,1,0,1,0,0,1,6,54,2,10379.7785714
1,1,0,0,1,0,0,1,4,51,0,14951.0464286
0,1,1,1,0,0,0,1,5,52,4,7541.515
1,1,0,0,0,0,1,1,1,50,3,9622.93035714
1,1,0,1,0,0,0,1,1,50,5,7237.46357143
0,1,1,0,0,1,0,1,0,55,5,10659.275
1,1,0,0,1,0,0,1,5,50,1,9722.74178571
0,1,1,0,0,0,1,1,5,50,1,8880.06392857
0,1,1,0,0,1,0,1,4,54,2,10247.6642857
1,1,0,0,0,1,0,1,6,51,3,7614.55321429
0,1,1,0,0,1,0,1,2,51,1,9262.19
1,1,0,1,0,0,0,1,2,52,1,10508.1321429
1,1,0,1,0,0,0,1,1,54,2,11194.7964286
1,1,0,0,0,0,1,1,2,52,5,10450.35
1,1,0,1,0,0,0,1,3,55,6,8780.5575
0,1,1,0,1,0,0,1,3,51,6,6875.32178571
1,1,0,0,0,1,0,1,6,55,6,11682.825
1,1,0,0,0,0,1,1,2,50,0,12156.5178571
1,1,0,0,0,0,1,1,1,50,0,19228.0142857
1,1,0,0,0,1,0,1,2,50,1,7431.13107143
0,1,1,0,0,0,1,1,2,52,3,9697.49321429
0,1,1,0,0,0,1,1,0,54,2,10310.4178571
0,1,1,1,0,0,0,1,3,54,2,10419.7535714
1,1,0,1,0,0,0,1,5,55,6,8846.50142857
1,1,0,0,1,0,0,1,1,54,6,11257.3428571
0,1,1,1,0,0,0,1,4,50,6,6635.81392857
0,1,1,0,0,1,0,1,0,51,3,6919.12642857
0,1,1,0,0,0,1,1,1,50,0,17656.0071429
0,1,1,0,0,1,0,1,2,51,0,9175.09964286
1,1,0,0,1,0,0,1,1,55,0,52191.7392857
1,1,0,0,0,1,0,1,4,55,6,11656.6714286
0,1,1,0,0,1,0,1,0,55,4,10571.1392857
0,1,1,0,0,0,1,1,5,54,0,15560.6642857
0,1,1,1,0,0,0,1,0,50,2,8760.0275
1,1,0,0,0,0,1,1,3,53,1,10877.5428571
1,1,0,0,0,1,0,1,2,52,3,8113.37857143
1,1,0,1,0,0,0,1,2,52,0,13157.5964286
1,1,0,0,0,1,0,1,6,55,4,11735.6928571
1,1,0,1,0,0,0,1,2,53,3,10992.3285714
1,1,0,0,0,0,1,1,1,54,3,11357.0571429
1,1,0,0,1,0,0,1,6,54,6,11203.8571429
1,1,0,0,0,1,0,1,5,50,0,9735.63964286
0,1,1,1,0,0,0,1,1,51,4,9076.50642857
1,1,0,0,0,1,0,1,6,51,0,7627.10678571
0,1,1,0,0,1,0,1,4,52,4,7320.775
0,1,1,1,0,0,0,1,6,52,1,9598.01964286
1,1,0,1,0,0,0,1,6,55,5,8738.50214286
0,1,1,1,0,0,0,1,0,55,4,10586.7392857
1,1,0,0,1,0,0,1,1,54,2,11299.8857143
1,1,0,0,0,1,0,1,3,50,6,9619.915
0,1,1,0,0,1,0,1,1,51,0,13682.725
1,1,0,0,1,0,0,1,6,50,1,9668.30107143
0,1,1,0,0,1,0,1,3,51,4,9256.26642857
0,1,1,0,0,0,1,1,1,51,5,9233.52714286
1,1,0,0,0,0,1,1,2,50,2,9607.20178571
0,1,1,1,0,0,0,1,4,52,1,9612.325
0,1,1,0,0,0,1,1,5,50,4,6707.40964286
0,1,1,0,0,1,0,1,0,52,3,8849.41357143
0,1,1,0,0,0,1,1,3,51,5,9321.80071429
1,1,0,0,0,0,1,1,4,55,4,11633.6892857
0,1,1,0,1,0,0,1,3,50,4,8878.75642857
0,1,1,0,0,1,0,1,4,53,6,9829.94035714
1,1,0,0,0,1,0,1,1,54,6,11205.2892857
1,1,0,0,0,1,0,1,5,55,0,14644.3035714
0,1,1,1,0,0,0,1,1,54,4,10459.2464286
1,1,0,0,1,0,0,1,4,52,3,10547.3892857
0,1,1,0,1,0,0,1,3,55,1,13214.5142857
1,1,0,1,0,0,0,1,1,53,1,13434.2714286
1,1,0,1,0,0,0,1,4,53,3,10786.3428571
0,1,1,0,0,0,1,1,5,50,2,8812.81142857
0,1,1,0,0,0,1,1,1,55,5,10694.4785714
1,1,0,0,0,0,1,1,0,54,6,11299.1
1,1,0,0,1,0,0,1,2,50,1,12004.6071429
0,1,1,0,1,0,0,1,5,53,5,9982.60785714
0,1,1,0,1,0,0,1,2,50,0,13195.0714286
1,1,0,1,0,0,0,1,1,51,1,12465.5321429
0,1,1,0,1,0,0,1,2,50,4,8750.88035714
0,1,1,0,0,1,0,1,0,50,3,4545.78321429
1,1,0,0,0,0,1,1,0,53,3,10975.3642857
1,1,0,0,0,1,0,1,3,54,6,11256.6285714
0,1,1,0,1,0,0,1,6,55,5,10559.5892857
1,1,0,0,1,0,0,1,0,54,3,11226.4178571
1,1,0,0,1,0,0,1,4,55,5,11708.5357143
1,1,0,0,1,0,0,1,3,51,3,10045.9278571
1,1,0,0,1,0,0,1,1,54,4,11243.825
0,1,1,0,1,0,0,1,2,55,6,10563.3714286
1,1,0,0,1,0,0,1,5,53,6,10786.8857143
0,1,1,0,0,0,1,1,0,52,6,9600.47071429
1,1,0,1,0,0,0,1,4,50,4,7236.55035714
1,1,0,0,1,0,0,1,5,52,6,7822.93785714
0,1,1,0,0,0,1,1,4,55,6,10757.1214286
0,1,1,0,1,0,0,1,2,50,1,10929.5214286
0,1,1,1,0,0,0,1,3,55,2,10640.2285714
0,1,1,0,0,0,1,1,1,55,6,10730.3714286
1,1,0,0,1,0,0,1,0,51,4,10047.115
0,1,1,0,0,0,1,1,6,54,4,10343.9928571
1,1,0,0,0,1,0,1,1,52,2,10423.55
0,1,1,0,0,1,0,1,5,50,2,8923.64964286
0,1,1,1,0,0,0,1,5,55,5,8079.19928571
0,1,1,0,1,0,0,1,1,55,2,10611.7214286
0,1,1,0,0,1,0,1,6,50,1,6751.39285714
0,1,1,0,0,1,0,1,2,55,5,10752.7964286
1,1,0,1,0,0,0,1,1,52,6,7874.14678571
0,1,1,1,0,0,0,1,5,55,4,7988.22535714
0,1,1,0,0,0,1,1,0,51,2,9132.96857143
0,1,1,0,0,0,1,1,5,55,4,10671.7678571
0,1,1,1,0,0,0,1,3,50,1,8796.4125
1,1,0,1,0,0,0,1,2,52,2,10471.0
1,1,0,0,0,0,1,1,1,55,1,14474.5321429
0,1,1,0,0,1,0,1,2,51,4,9181.25357143
0,1,1,0,1,0,0,1,3,55,5,10583.5392857
0,1,1,0,1,0,0,1,1,55,0,58091.4464286
1,1,0,0,1,0,0,1,2,50,2,9596.14964286
1,1,0,0,1,0,0,1,1,51,2,10247.7314286
0,1,1,0,0,0,1,1,5,54,3,10320.4
0,1,1,0,0,1,0,1,2,53,4,9970.21035714
1,1,0,0,0,1,0,1,1,52,1,13174.0892857
0,1,1,0,0,0,1,1,3,53,0,12336.3785714
0,1,1,0,0,0,1,1,1,54,3,10364.7571429
1,1,0,1,0,0,0,1,5,52,0,13307.1321429
1,1,0,0,1,0,0,1,2,53,3,10919.3214286
1,1,0,0,0,0,1,1,3,52,3,10402.3428571
0,1,1,0,1,0,0,1,2,52,2,9848.32714286
1,1,0,0,1,0,0,1,1,52,2,10498.7
1,1,0,0,0,1,0,1,6,54,5,11264.7142857
0,1,1,0,0,1,0,1,3,54,2,10211.0535714
0,1,1,0,1,0,0,1,4,55,3,10632.3071429
1,1,0,0,0,1,0,1,4,51,5,7603.9575
1,1,0,0,0,0,1,1,1,51,0,20116.1535714
1,1,0,1,0,0,0,1,6,53,5,8155.86857143
1,1,0,1,0,0,0,1,0,52,1,21155.9785714
1,1,0,0,0,1,0,1,5,54,4,11219.0357143
1,1,0,0,1,0,0,1,2,55,2,11570.85
1,1,0,0,1,0,0,1,1,55,3,11674.5285714
1,1,0,0,1,0,0,1,6,51,5,7508.27142857
0,1,1,0,0,0,1,1,3,52,6,7346.12357143
0,1,1,1,0,0,0,1,2,52,3,9680.23607143
1,1,0,1,0,0,0,1,5,54,0,14031.8464286
1,1,0,1,0,0,0,1,2,50,0,12156.2178571
0,1,1,0,0,0,1,1,3,51,2,9144.37321429
1,1,0,1,0,0,0,1,5,50,2,9600.46428571
0,1,1,1,0,0,0,1,1,53,4,10094.2975
1,1,0,0,0,1,0,1,2,51,6,10148.9314286
0,1,1,0,1,0,0,1,4,55,2,10547.3107143
0,1,1,0,0,0,1,1,1,50,4,8971.33821429
0,1,1,0,0,1,0,1,2,55,1,13218.4964286
0,1,1,1,0,0,0,1,3,53,5,7765.74428571
1,1,0,1,0,0,0,1,3,52,2,10482.1928571
0,1,1,0,1,0,0,1,2,53,5,9864.55392857
1,1,0,0,1,0,0,1,6,50,4,7382.65678571
0,1,1,0,1,0,0,1,6,53,5,9954.515
1,1,0,0,1,0,0,1,4,55,3,11671.4607143
1,1,0,0,0,0,1,1,5,55,4,11702.5035714
0,1,1,1,0,0,0,1,5,51,6,6915.61428571
0,1,1,0,0,0,1,1,4,54,1,10264.4
0,1,1,0,1,0,0,1,1,51,1,11472.7035714
1,1,0,0,0,1,0,1,5,53,2,10883.4821429
0,1,1,1,0,0,0,1,1,53,6,7714.51607143
1,1,0,0,1,0,0,1,4,51,5,7526.44714286
0,1,1,0,0,0,1,1,2,53,4,9898.45571429
0,1,1,1,0,0,0,1,1,54,6,8059.26714286
0,1,1,0,1,0,0,1,3,50,6,6823.23392857
0,1,1,0,1,0,0,1,4,51,0,13616.6607143
1,1,0,0,1,0,0,1,1,50,2,9704.62892857
0,1,1,1,0,0,0,1,3,52,0,12008.7821429
0,1,1,0,0,1,0,1,3,53,3,9846.76607143
1,1,0,0,0,0,1,1,4,54,3,11248.6392857
0,1,1,0,1,0,0,1,6,52,3,9965.59392857
0,1,1,0,0,0,1,1,0,55,5,10745.7285714
1,1,0,0,0,1,0,1,2,55,0,14555.5607143
0,1,1,1,0,0,0,1,4,52,4,7641.91785714
1,1,0,0,0,1,0,1,6,52,6,10491.3285714
1,1,0,1,0,0,0,1,3,55,5,8961.70857143
0,1,1,1,0,0,0,1,4,52,5,7198.21071429
0,1,1,1,0,0,0,1,3,50,0,10976.7428571
0,1,1,0,0,1,0,1,1,50,4,6793.59035714
1,1,0,0,0,0,1,1,3,51,3,10028.3760714
0,1,1,0,0,1,0,1,2,52,6,7220.90178571
1,1,0,1,0,0,0,1,4,54,3,11384.5464286
0,1,1,0,1,0,0,1,4,50,0,13292.5214286
1,1,0,0,0,0,1,1,0,52,5,10446.6035714
1,1,0,0,1,0,0,1,3,51,1,12524.9071429
1,1,0,0,0,1,0,1,5,55,1,14664.1678571
1,1,0,0,0,1,0,1,4,54,1,14143.3642857
0,1,1,1,0,0,0,1,6,51,0,9229.03785714
0,1,1,0,0,1,0,1,2,52,3,9597.75464286
1,1,0,0,0,1,0,1,2,52,6,10434.8678571
1,1,0,0,0,1,0,1,4,52,5,7915.47857143
1,1,0,1,0,0,0,1,3,50,5,7257.72464286
0,1,1,0,0,0,1,1,5,52,3,9552.98678571
0,1,1,1,0,0,0,1,4,51,1,9336.51107143
0,1,1,0,1,0,0,1,4,50,5,6831.70035714
1,1,0,0,0,0,1,1,1,55,3,11630.2178571
1,1,0,0,0,0,1,1,6,50,0,12044.2035714
1,1,0,0,1,0,0,1,1,50,6,7337.19214286
0,1,1,1,0,0,0,1,1,52,3,9597.34071429
1,1,0,1,0,0,0,1,6,53,6,8223.38392857
1,1,0,0,0,0,1,1,2,53,3,10847.8071429
0,1,1,0,0,1,0,1,5,50,3,8805.53678571
1,1,0,0,1,0,0,1,5,52,5,7817.7825
0,1,1,1,0,0,0,1,2,55,6,7909.315
1,1,0,0,1,0,0,1,2,55,4,11592.9642857
1,1,0,0,1,0,0,1,1,55,6,11582.9571429
0,1,1,1,0,0,0,1,3,51,4,6900.5525
1,1,0,0,0,0,1,1,0,54,4,11326.8464286
0,1,1,0,1,0,0,1,6,51,5,7019.14928571
1,1,0,0,0,1,0,1,2,55,5,11590.9285714
0,1,1,0,0,0,1,1,5,51,3,9179.05464286
0,1,1,1,0,0,0,1,2,50,6,6567.89642857
0,1,1,0,1,0,0,1,1,52,0,40790.8071429
1,1,0,0,0,0,1,1,6,52,1,10503.025
0,1,1,0,0,0,1,1,1,53,1,12590.6321429
0,1,1,0,0,0,1,1,2,55,3,10883.8142857
1,1,0,0,0,1,0,1,5,52,1,10425.5
0,1,1,0,0,0,1,1,5,51,0,11562.3214286
1,1,0,0,0,1,0,1,2,54,4,11240.0678571
0,1,1,0,0,1,0,1,5,55,3,10642.3607143
1,1,0,0,0,1,0,1,2,50,4,7304.73178571
0,1,1,0,0,0,1,1,4,55,1,10657.6857143
0,1,1,0,0,0,1,1,5,53,5,9907.31642857
0,1,1,0,1,0,0,1,4,54,2,10470.9178571
0,1,1,0,0,0,1,1,0,51,1,18348.8035714
1,1,0,0,0,1,0,1,5,53,6,10859.6285714
1,1,0,0,1,0,0,1,3,51,5,10037.4989286
1,1,0,1,0,0,0,1,6,53,0,13651.4321429
1,1,0,0,0,1,0,1,4,51,2,7941.31178571
0,1,1,1,0,0,0,1,1,55,4,10643.3464286
1,1,0,0,0,0,1,1,3,51,0,12560.3928571
0,1,1,0,0,1,0,1,0,53,5,9893.64892857
0,1,1,0,1,0,0,1,5,52,2,9645.61964286
1,1,0,0,1,0,0,1,6,53,2,10825.125
1,1,0,0,1,0,0,1,6,51,2,9973.78178571
0,1,1,0,0,0,1,1,1,50,5,6694.72464286
0,1,1,1,0,0,0,1,6,51,4,6929.08035714
1,1,0,0,0,1,0,1,2,52,4,10544.5642857
1,1,0,0,0,1,0,1,4,50,1,12126.2785714
1,1,0,0,1,0,0,1,3,54,5,11312.3357143
0,1,1,1,0,0,0,1,5,51,2,9161.81821429
1,1,0,0,1,0,0,1,5,51,0,14988.5178571
0,1,1,1,0,0,0,1,0,54,3,10184.9535714
0,1,1,0,0,1,0,1,6,55,5,10702.3321429
1,1,0,0,0,0,1,1,5,54,3,11254.4035714
1,1,0,0,0,1,0,1,2,51,2,7577.3125
1,1,0,0,1,0,0,1,3,53,5,10784.7178571
1,1,0,0,0,0,1,1,2,53,0,13505.3035714
0,1,1,0,0,1,0,1,2,54,6,10192.3535714
0,1,1,0,1,0,0,1,1,54,1,13082.9964286
0,1,1,1,0,0,0,1,2,53,4,10200.9767857
1,1,0,1,0,0,0,1,4,53,5,8172.81964286
1,1,0,0,1,0,0,1,0,54,5,11227.2142857
1,1,0,0,0,1,0,1,5,55,4,11594.725
0,1,1,0,0,1,0,1,6,54,0,12778.475
1,1,0,0,1,0,0,1,6,54,2,11237.6357143
0,1,1,0,0,1,0,1,3,52,3,7479.23357143
0,1,1,0,0,0,1,1,1,54,1,13006.175
0,1,1,1,0,0,0,1,0,50,3,8862.48428571
0,1,1,0,1,0,0,1,2,52,3,9686.2425
1,1,0,0,1,0,0,1,5,51,5,7498.95964286
0,1,1,0,0,1,0,1,1,54,2,10203.9892857
0,1,1,0,1,0,0,1,2,55,5,10630.5321429
1,1,0,1,0,0,0,1,3,51,5,7463.99071429
0,1,1,0,1,0,0,1,2,52,0,17041.3607143
1,1,0,1,0,0,0,1,0,53,1,21707.6285714
0,1,1,0,0,0,1,1,2,54,4,10351.8142857
1,1,0,0,0,1,0,1,1,55,1,14515.2
1,1,0,0,0,1,0,1,6,55,3,11673.5321429
0,1,1,0,1,0,0,1,2,51,5,9084.88535714
0,1,1,0,0,1,0,1,0,54,4,10293.4392857
0,1,1,0,1,0,0,1,4,52,4,9814.73107143
0,1,1,1,0,0,0,1,1,52,1,12343.7964286
0,1,1,0,0,0,1,1,6,50,6,6741.75071429
0,1,1,0,0,0,1,1,2,54,3,10284.5142857
0,1,1,1,0,0,0,1,2,52,1,9844.83357143
1,1,0,1,0,0,0,1,6,53,2,10810.4892857
1,1,0,0,0,1,0,1,6,54,0,14171.4357143
1,1,0,0,0,0,1,1,1,51,5,10051.1814286
1,1,0,0,0,0,1,1,4,52,0,13023.0892857
1,1,0,0,0,1,0,1,1,50,2,7395.055
1,1,0,0,0,1,0,1,6,50,6,9718.52785714
0,1,1,0,0,1,0,1,3,55,3,10622.7964286
0,1,1,0,0,1,0,1,5,55,6,10813.6428571
1,1,0,0,1,0,0,1,2,54,0,19801.9857143
1,1,0,1,0,0,0,1,5,51,5,7491.54714286
0,1,1,0,0,0,1,1,6,51,2,9232.935
0,1,1,1,0,0,0,1,2,54,3,10399.8607143
0,1,1,0,0,1,0,1,2,51,6,9158.23214286
1,1,0,0,0,1,0,1,2,52,2,10417.9678571
1,1,0,1,0,0,0,1,4,54,0,14204.975
0,1,1,0,0,1,0,1,4,55,5,10613.0178571
1,1,0,1,0,0,0,1,3,55,2,11663.2821429
0,1,1,0,0,0,1,1,6,51,3,9405.4475
1,1,0,0,0,0,1,1,3,50,3,9634.40214286
1,1,0,0,0,1,0,1,5,51,1,7614.97321429
0,1,1,1,0,0,0,1,5,53,4,7530.77785714
0,1,1,0,1,0,0,1,6,51,4,6828.97642857
0,1,1,0,1,0,0,1,6,55,6,10742.7464286
0,1,1,0,1,0,0,1,0,51,6,6888.65642857
0,1,1,0,0,0,1,1,4,53,0,14909.8357143
1,1,0,0,1,0,0,1,3,54,0,16923.7678571
1,1,0,1,0,0,0,1,0,50,4,9903.42142857
1,1,0,0,0,0,1,1,2,51,2,10095.3853571
1,1,0,0,0,0,1,1,0,51,1,20062.4892857
1,1,0,0,1,0,0,1,1,50,5,7279.72071429
0,1,1,1,0,0,0,1,3,54,1,10237.5607143
1,1,0,0,1,0,0,1,1,53,1,13661.4785714
0,1,1,0,0,1,0,1,5,53,0,12302.025
0,1,1,0,0,0,1,1,2,54,2,10335.9285714
0,1,1,0,0,0,1,1,2,52,5,9728.43214286
1,1,0,0,0,0,1,1,4,55,3,11613.7857143
1,1,0,0,0,0,1,1,2,53,4,10851.3535714
1,1,0,0,1,0,0,1,5,51,3,10247.7767857
1,1,0,0,1,0,0,1,3,52,0,15637.1964286
1,1,0,1,0,0,0,1,2,50,1,9671.25642857
1,1,0,0,0,0,1,1,3,53,6,10919.4714286
1,1,0,0,1,0,0,1,1,55,5,11864.8464286
1,1,0,0,0,0,1,1,5,51,0,12620.7642857
0,1,1,0,0,0,1,1,5,52,2,9601.19392857
0,1,1,1,0,0,0,1,3,52,6,7210.3925
0,1,1,0,0,1,0,1,6,54,1,10275.05
1,1,0,1,0,0,0,1,4,51,2,10092.4678571
1,1,0,0,0,1,0,1,5,51,6,7571.19392857
0,1,1,0,0,1,0,1,0,55,6,10611.1892857
0,1,1,1,0,0,0,1,6,54,4,7773.2525
1,1,0,0,0,1,0,1,2,53,6,10878.7357143
0,1,1,1,0,0,0,1,1,54,1,12796.3035714
1,1,0,1,0,0,0,1,5,52,3,7818.29071429
1,1,0,0,0,1,0,1,2,53,5,10895.8428571
1,1,0,0,1,0,0,1,4,50,3,9865.91607143
0,1,1,0,0,1,0,1,6,50,6,8814.78321429
1,1,0,1,0,0,0,1,3,53,0,13464.8142857
0,1,1,0,0,1,0,1,6,50,2,8825.10107143
1,1,0,0,1,0,0,1,5,54,5,11316.2535714
0,1,1,0,0,1,0,1,1,51,4,9074.50857143
1,1,0,1,0,0,0,1,2,53,0,13752.0642857
0,1,1,0,1,0,0,1,1,52,6,7454.38035714
1,1,0,0,0,1,0,1,1,53,1,13501.7428571
1,1,0,0,1,0,0,1,5,55,0,17394.6607143
0,1,1,0,0,0,1,1,6,50,1,8831.90142857
1,1,0,0,0,0,1,1,6,52,6,7955.10178571
1,1,0,0,1,0,0,1,6,55,1,14540.7357143
0,1,1,0,0,0,1,1,5,54,5,7707.10214286
1,1,0,0,0,0,1,1,4,50,6,7299.77714286
1,1,0,0,1,0,0,1,4,50,6,7341.04071429
0,1,1,0,0,0,1,1,2,53,0,12342.1178571
1,1,0,0,1,0,0,1,2,52,6,7815.86178571
0,1,1,0,0,0,1,1,4,51,2,9246.80642857
0,1,1,0,1,0,0,1,2,50,6,6595.38821429
0,1,1,0,1,0,0,1,3,53,3,9969.36821429
0,1,1,0,0,0,1,1,1,53,0,19767.1214286
0,1,1,1,0,0,0,1,4,55,4,7905.21785714
0,1,1,1,0,0,0,1,6,50,4,6726.61035714
1,1,0,0,1,0,0,1,3,50,1,12000.4071429
0,1,1,0,0,1,0,1,0,55,2,10713.4642857
0,1,1,0,0,1,0,1,0,54,2,10215.6
0,1,1,1,0,0,0,1,4,54,3,10769.0285714
1,1,0,0,0,1,0,1,4,54,4,11250.2642857
1,1,0,0,0,1,0,1,3,53,2,10899.8678571
0,1,1,0,0,0,1,1,3,54,6,10298.175
0,1,1,1,0,0,0,1,4,54,5,7788.99357143
1,1,0,0,0,1,0,1,1,51,0,17537.9107143
0,1,1,1,0,0,0,1,6,54,2,10574.1857143
1,1,0,0,0,1,0,1,3,54,5,11200.7857143
0,1,1,0,0,1,0,1,5,51,5,6844.21035714
0,1,1,0,0,1,0,1,1,51,3,9102.58071429
1,1,0,0,0,1,0,1,3,51,4,10259.975
0,1,1,0,1,0,0,1,2,54,6,10419.9142857
0,1,1,1,0,0,0,1,1,50,3,8963.21714286
0,1,1,0,0,0,1,1,4,51,4,9150.06035714
0,1,1,1,0,0,0,1,2,53,6,7792.3425
0,1,1,0,0,0,1,1,0,50,5,8816.26142857
0,1,1,0,0,1,0,1,5,55,0,13256.9
0,1,1,0,0,0,1,1,4,54,5,10306.4571429
0,1,1,0,1,0,0,1,0,53,2,12819.7214286
0,1,1,0,0,0,1,1,1,53,5,9944.255
0,1,1,1,0,0,0,1,5,54,2,10298.7142857
1,1,0,0,1,0,0,1,3,55,3,11568.0357143
0,1,1,0,1,0,0,1,5,54,0,15526.1
0,1,1,0,0,1,0,1,2,53,3,9832.77821429
1,1,0,0,1,0,0,1,2,54,2,11272.6178571
1,1,0,0,1,0,0,1,5,50,2,9660.89321429
