$LowerCacheSize,$SetAutoVacuum,$LockingMode,$AutoVacuumOn,$NormalLockingMode,$SQLITE_OMIT_BETWEEN_OPTIMIZATION,$SQLITE_ENABLE_STAT2,$SQLITE_SECURE_DELETE,$SQLITE_OMIT_XFER_OPT,$SQLITE_OMIT_LIKE_OPTIMIZATION,$PageSize,$SQLITE_OMIT_QUICKBALANCE,$SQLITE_DISABLE_DIRSYNC,$Options,$ChooseSQLITE_TEMP_STORE,$SQLITE_OMIT_AUTOMATIC_INDEX,$SQLITE_TEMP_STOREthree,$SetCacheSize,$StandardCacheSize,$SQLITE_OMIT_SHARED_CACHE,$ExclusiveLock,$OmitFeatures,$HigherPageSize,$SQLITE_TEMP_STOREtwo,$SQLITE_TEMP_STOREone,$SQLITE_OMIT_OR_OPTIMIZATION,$StandardPageSize,$OperatingSystemCharacteristics,$SQLITE_OMIT_LOOKASIDE,$LowerPageSize,$SQLITE_ENABLE_ATOMIC_WRITE,$DisableFeatures,$SQLITE_DISABLE_LFS,$SQLITE_OMIT_BTREECOUNT,$HighestPageSize,$EnableFeatures,$HigherCacheSize,$SQLITE_TEMP_STOREzero,$AutoVacuumOff,$<MainMemory
0,1,1,0,0,0,0,1,0,0,1,0,0,1,0,0,0,1,1,0,1,1,0,0,0,0,1,1,0,0,0,1,0,0,0,1,0,0,1,15236.4
0,1,1,0,0,0,0,0,0,0,1,0,0,1,0,1,0,1,1,0,1,1,0,0,0,0,1,1,0,0,0,1,0,0,0,1,0,0,1,15219.2
0,1,1,0,0,0,0,0,0,0,1,0,0,1,1,0,0,1,1,0,1,1,0,1,0,0,1,1,1,0,0,1,0,0,0,1,0,0,1,28396.8
0,1,1,0,0,0,0,0,0,0,1,0,0,1,1,0,0,1,1,0,1,1,0,1,0,1,1,1,0,0,0,1,0,0,0,1,0,0,1,28396.0
0,1,1,0,0,0,0,0,0,0,1,1,0,1,1,0,0,1,1,0,1,1,0,1,0,0,1,1,0,0,0,1,0,0,0,1,0,0,1,29583.6
0,1,1,0,0,0,0,0,0,0,1,0,0,1,1,0,0,1,1,1,1,1,0,1,0,0,1,1,0,0,0,1,0,0,0,1,0,0,1,28382.0
0,1,1,0,0,0,0,0,1,0,1,0,0,1,1,0,0,1,1,0,1,1,0,1,0,0,1,1,0,0,0,1,0,0,0,1,0,0,1,30836.8
0,1,1,1,0,0,0,0,0,0,1,0,0,1,1,0,0,1,1,0,1,1,0,1,0,0,1,1,0,0,0,1,0,0,0,1,0,0,0,28460.8
1,1,1,0,0,0,0,0,0,0,1,0,0,1,1,0,0,1,0,0,1,1,0,1,0,0,1,1,0,0,0,1,0,0,0,1,0,0,1,28392.4
0,1,1,0,0,0,0,0,0,0,1,0,0,1,1,0,0,1,0,0,1,1,0,1,0,0,1,1,0,0,0,1,0,0,0,1,1,0,1,28392.0
0,1,1,0,1,0,0,0,0,0,1,0,0,1,1,0,0,1,1,0,0,1,0,1,0,0,1,1,0,0,0,1,0,0,0,1,0,0,1,28392.4
0,1,1,0,0,0,0,0,0,0,1,0,0,1,1,0,0,1,1,0,1,1,0,1,0,0,0,1,0,1,0,1,0,0,0,1,0,0,1,28392.0
0,1,1,0,0,1,0,0,0,0,1,0,0,1,0,0,0,1,1,0,1,1,0,0,0,0,1,1,0,0,0,1,0,0,0,1,0,0,1,15207.2
0,1,1,0,0,0,0,0,0,0,1,0,0,1,1,0,0,1,1,0,1,1,1,1,0,0,0,1,0,0,0,1,0,0,0,1,0,0,1,28393.6
0,1,1,0,0,0,0,0,0,0,1,0,0,1,1,0,0,1,1,0,1,1,0,1,0,0,0,1,0,0,0,1,0,0,1,1,0,0,1,28330.0
0,1,1,0,0,0,0,0,0,0,1,0,0,1,1,0,1,1,1,0,1,1,0,0,0,0,1,1,0,0,1,1,0,0,0,1,0,0,1,28420.0
0,1,1,0,0,0,1,0,0,0,1,0,0,1,1,0,1,1,1,0,1,1,0,0,0,0,1,1,0,0,0,1,0,0,0,1,0,0,1,28396.8
0,1,1,0,0,0,0,0,0,0,1,0,0,1,1,0,1,1,1,0,1,1,0,0,0,0,1,1,0,0,0,1,1,0,0,1,0,0,1,28392.4
0,1,1,0,0,0,0,0,0,0,1,0,1,1,1,0,1,1,1,0,1,1,0,0,0,0,1,1,0,0,0,1,0,0,0,1,0,0,1,28392.4
0,1,1,0,0,0,0,0,0,0,1,0,0,1,1,1,1,1,1,0,1,1,0,0,0,0,1,1,0,0,0,1,0,0,0,1,0,0,1,28392.0
0,1,1,0,0,1,0,0,0,0,1,0,0,1,1,0,1,1,1,0,1,1,0,0,0,0,1,1,0,0,0,1,0,0,0,1,0,0,1,28392.8
0,1,1,0,0,0,0,0,0,0,1,0,0,1,1,0,1,1,1,0,1,1,0,0,0,0,1,1,0,0,0,1,0,1,0,1,0,0,1,28392.0
0,1,1,0,0,0,0,0,0,1,1,0,0,1,1,0,1,1,1,0,1,1,0,0,0,0,1,1,0,0,0,1,0,0,0,1,0,0,1,28392.8
0,1,1,0,0,0,0,0,0,0,1,0,0,1,0,0,0,1,1,0,1,1,0,0,0,0,1,1,0,0,0,1,0,1,0,1,0,0,1,15244.4
0,1,1,0,0,0,0,0,0,0,1,0,0,1,1,0,1,1,1,0,1,1,0,0,0,0,1,1,1,0,0,1,0,0,0,1,0,0,1,28396.4
0,1,1,0,0,0,0,0,0,0,1,0,0,1,1,0,1,1,1,0,1,1,0,0,0,1,1,1,0,0,0,1,0,0,0,1,0,0,1,28396.0
0,1,1,0,0,0,0,0,0,0,1,1,0,1,1,0,1,1,1,0,1,1,0,0,0,0,1,1,0,0,0,1,0,0,0,1,0,0,1,29592.0
0,1,1,0,0,0,0,0,0,0,1,0,0,1,1,0,1,1,1,1,1,1,0,0,0,0,1,1,0,0,0,1,0,0,0,1,0,0,1,28380.8
0,1,1,0,0,0,0,0,1,0,1,0,0,1,1,0,1,1,1,0,1,1,0,0,0,0,1,1,0,0,0,1,0,0,0,1,0,0,1,30836.8
0,1,1,1,0,0,0,0,0,0,1,0,0,1,1,0,1,1,1,0,1,1,0,0,0,0,1,1,0,0,0,1,0,0,0,1,0,0,0,28460.0
1,1,1,0,0,0,0,0,0,0,1,0,0,1,1,0,1,1,0,0,1,1,0,0,0,0,1,1,0,0,0,1,0,0,0,1,0,0,1,28392.8
0,1,1,0,0,0,0,0,0,0,1,0,0,1,1,0,1,1,0,0,1,1,0,0,0,0,1,1,0,0,0,1,0,0,0,1,1,0,1,28393.2
0,1,1,0,1,0,0,0,0,0,1,0,0,1,1,0,1,1,1,0,0,1,0,0,0,0,1,1,0,0,0,1,0,0,0,1,0,0,1,28392.4
0,1,1,0,0,0,0,0,0,0,1,0,0,1,1,0,1,1,1,0,1,1,0,0,0,0,0,1,0,1,0,1,0,0,0,1,0,0,1,28392.8
0,1,1,0,0,0,0,0,0,1,1,0,0,1,0,0,0,1,1,0,1,1,0,0,0,0,1,1,0,0,0,1,0,0,0,1,0,0,1,15244.0
0,1,1,0,0,0,0,0,0,0,1,0,0,1,1,0,1,1,1,0,1,1,1,0,0,0,0,1,0,0,0,1,0,0,0,1,0,0,1,28392.0
0,1,1,0,0,0,0,0,0,0,1,0,0,1,1,0,1,1,1,0,1,1,0,0,0,0,0,1,0,0,0,1,0,0,1,1,0,0,1,28316.0
0,1,1,0,0,0,1,0,0,0,1,0,0,1,0,0,0,1,1,0,1,1,0,0,0,0,1,1,0,0,1,1,0,0,0,1,0,0,1,15058.8
0,1,1,0,0,0,0,0,0,0,1,0,0,1,0,0,0,1,1,0,1,1,0,0,0,0,1,1,0,0,1,1,1,0,0,1,0,0,1,15049.2
0,1,1,0,0,0,0,0,0,0,1,0,1,1,0,0,0,1,1,0,1,1,0,0,0,0,1,1,0,0,1,1,0,0,0,1,0,0,1,15128.4
0,1,1,0,0,0,0,0,0,0,1,0,0,1,0,1,0,1,1,0,1,1,0,0,0,0,1,1,0,0,1,1,0,0,0,1,0,0,1,15054.4
0,1,1,0,0,1,0,0,0,0,1,0,0,1,0,0,0,1,1,0,1,1,0,0,0,0,1,1,0,0,1,1,0,0,0,1,0,0,1,15063.2
0,1,1,0,0,0,0,0,0,0,1,0,0,1,0,0,0,1,1,0,1,1,0,0,0,0,1,1,0,0,1,1,0,1,0,1,0,0,1,15089.6
0,1,1,0,0,0,0,0,0,1,1,0,0,1,0,0,0,1,1,0,1,1,0,0,0,0,1,1,0,0,1,1,0,0,0,1,0,0,1,15028.8
0,1,1,0,0,0,0,0,0,0,1,0,0,1,0,0,0,1,1,0,1,1,0,0,0,0,1,1,1,0,1,1,0,0,0,1,0,0,1,15244.0
0,1,1,0,0,0,0,0,0,0,1,0,0,1,0,0,0,1,1,0,1,1,0,0,0,0,1,1,1,0,0,1,0,0,0,1,0,0,1,15236.0
0,1,1,0,0,0,0,0,0,0,1,0,0,1,0,0,0,1,1,0,1,1,0,0,0,1,1,1,0,0,1,1,0,0,0,1,0,0,1,15041.6
0,1,1,0,0,0,0,0,0,0,1,1,0,1,0,0,0,1,1,0,1,1,0,0,0,0,1,1,0,0,1,1,0,0,0,1,0,0,1,15868.0
0,1,1,0,0,0,0,0,0,0,1,0,0,1,0,0,0,1,1,1,1,1,0,0,0,0,1,1,0,0,1,1,0,0,0,1,0,0,1,15227.2
0,1,1,0,0,0,0,0,1,0,1,0,0,1,0,0,0,1,1,0,1,1,0,0,0,0,1,1,0,0,1,1,0,0,0,1,0,0,1,15720.0
0,1,1,1,0,0,0,0,0,0,1,0,0,1,0,0,0,1,1,0,1,1,0,0,0,0,1,1,0,0,1,1,0,0,0,1,0,0,0,15260.4
1,1,1,0,0,0,0,0,0,0,1,0,0,1,0,0,0,1,0,0,1,1,0,0,0,0,1,1,0,0,1,1,0,0,0,1,0,0,1,13905.6
0,1,1,0,0,0,0,0,0,0,1,0,0,1,0,0,0,1,0,0,1,1,0,0,0,0,1,1,0,0,1,1,0,0,0,1,1,0,1,17812.8
0,1,1,0,1,0,0,0,0,0,1,0,0,1,0,0,0,1,1,0,0,1,0,0,0,0,1,1,0,0,1,1,0,0,0,1,0,0,1,15036.4
0,1,1,0,0,0,0,0,0,0,1,0,0,1,0,0,0,1,1,0,1,1,0,0,0,0,0,1,0,1,1,1,0,0,0,1,0,0,1,15234.8
0,1,1,0,0,0,0,0,0,0,1,0,0,1,0,0,0,1,1,0,1,1,1,0,0,0,0,1,0,0,1,1,0,0,0,1,0,0,1,15253.2
0,1,1,0,0,0,0,0,0,0,1,0,0,1,0,0,0,1,1,0,1,1,0,0,0,1,1,1,0,0,0,1,0,0,0,1,0,0,1,15246.0
0,1,1,0,0,0,0,0,0,0,1,0,0,1,0,0,0,1,1,0,1,1,0,0,0,0,0,1,0,0,1,1,0,0,1,1,0,0,1,15469.2
0,1,1,0,0,0,1,0,0,0,1,0,0,1,0,0,0,1,1,0,1,1,0,0,0,0,1,1,0,0,0,1,1,0,0,1,0,0,1,15235.6
0,1,1,0,0,0,1,0,0,0,1,0,1,1,0,0,0,1,1,0,1,1,0,0,0,0,1,1,0,0,0,1,0,0,0,1,0,0,1,15248.8
0,1,1,0,0,0,1,0,0,0,1,0,0,1,0,1,0,1,1,0,1,1,0,0,0,0,1,1,0,0,0,1,0,0,0,1,0,0,1,15252.4
0,1,1,0,0,1,1,0,0,0,1,0,0,1,0,0,0,1,1,0,1,1,0,0,0,0,1,1,0,0,0,1,0,0,0,1,0,0,1,15236.0
0,1,1,0,0,0,1,0,0,0,1,0,0,1,0,0,0,1,1,0,1,1,0,0,0,0,1,1,0,0,0,1,0,1,0,1,0,0,1,15252.4
0,1,1,0,0,0,1,0,0,1,1,0,0,1,0,0,0,1,1,0,1,1,0,0,0,0,1,1,0,0,0,1,0,0,0,1,0,0,1,15248.4
0,1,1,0,0,0,1,0,0,0,1,0,0,1,0,0,0,1,1,0,1,1,0,0,0,0,1,1,1,0,0,1,0,0,0,1,0,0,1,15223.6
0,1,1,0,0,0,1,0,0,0,1,0,0,1,0,0,0,1,1,0,1,1,0,0,0,1,1,1,0,0,0,1,0,0,0,1,0,0,1,15232.0
0,1,1,0,0,0,1,0,0,0,1,1,0,1,0,0,0,1,1,0,1,1,0,0,0,0,1,1,0,0,0,1,0,0,0,1,0,0,1,15668.8
0,1,1,0,0,0,0,0,0,0,1,1,0,1,0,0,0,1,1,0,1,1,0,0,0,0,1,1,0,0,0,1,0,0,0,1,0,0,1,15669.2
0,1,1,0,0,0,1,0,0,0,1,0,0,1,0,0,0,1,1,1,1,1,0,0,0,0,1,1,0,0,0,1,0,0,0,1,0,0,1,15104.0
0,1,1,0,0,0,1,0,1,0,1,0,0,1,0,0,0,1,1,0,1,1,0,0,0,0,1,1,0,0,0,1,0,0,0,1,0,0,1,15448.0
0,1,1,1,0,0,1,0,0,0,1,0,0,1,0,0,0,1,1,0,1,1,0,0,0,0,1,1,0,0,0,1,0,0,0,1,0,0,0,15256.0
1,1,1,0,0,0,1,0,0,0,1,0,0,1,0,0,0,1,0,0,1,1,0,0,0,0,1,1,0,0,0,1,0,0,0,1,0,0,1,14036.4
0,1,1,0,0,0,1,0,0,0,1,0,0,1,0,0,0,1,0,0,1,1,0,0,0,0,1,1,0,0,0,1,0,0,0,1,1,0,1,17568.0
0,1,1,0,1,0,1,0,0,0,1,0,0,1,0,0,0,1,1,0,0,1,0,0,0,0,1,1,0,0,0,1,0,0,0,1,0,0,1,15235.6
0,1,1,0,0,0,1,0,0,0,1,0,0,1,0,0,0,1,1,0,1,1,0,0,0,0,0,1,0,1,0,1,0,0,0,1,0,0,1,15236.8
0,1,1,0,0,0,1,0,0,0,1,0,0,1,0,0,0,1,1,0,1,1,1,0,0,0,0,1,0,0,0,1,0,0,0,1,0,0,1,15116.8
0,1,1,0,0,0,1,0,0,0,1,0,0,1,0,0,0,1,1,0,1,1,0,0,0,0,0,1,0,0,0,1,0,0,1,1,0,0,1,15490.4
0,1,1,0,0,0,0,0,0,0,1,0,1,1,0,0,0,1,1,0,1,1,0,0,0,0,1,1,0,0,0,1,1,0,0,1,0,0,1,15244.8
0,1,1,0,0,0,0,0,0,0,1,0,0,1,0,0,0,1,1,1,1,1,0,0,0,0,1,1,0,0,0,1,0,0,0,1,0,0,1,15101.2
0,1,1,0,0,0,0,0,0,0,1,0,0,1,0,1,0,1,1,0,1,1,0,0,0,0,1,1,0,0,0,1,1,0,0,1,0,0,1,15232.0
0,1,1,0,0,1,0,0,0,0,1,0,0,1,0,0,0,1,1,0,1,1,0,0,0,0,1,1,0,0,0,1,1,0,0,1,0,0,1,15231.6
0,1,1,0,0,0,0,0,0,0,1,0,0,1,0,0,0,1,1,0,1,1,0,0,0,0,1,1,0,0,0,1,1,1,0,1,0,0,1,15244.8
0,1,1,0,0,0,0,0,0,1,1,0,0,1,0,0,0,1,1,0,1,1,0,0,0,0,1,1,0,0,0,1,1,0,0,1,0,0,1,15244.0
0,1,1,0,0,0,0,0,0,0,1,0,0,1,0,0,0,1,1,0,1,1,0,0,0,0,1,1,1,0,0,1,1,0,0,1,0,0,1,15236.8
0,1,1,0,0,0,0,0,0,0,1,0,0,1,0,0,0,1,1,0,1,1,0,0,0,1,1,1,0,0,0,1,1,0,0,1,0,0,1,15248.4
0,1,1,0,0,0,0,0,0,0,1,1,0,1,0,0,0,1,1,0,1,1,0,0,0,0,1,1,0,0,0,1,1,0,0,1,0,0,1,15668.4
0,1,1,0,0,0,0,0,0,0,1,0,0,1,0,0,0,1,1,1,1,1,0,0,0,0,1,1,0,0,0,1,1,0,0,1,0,0,1,15100.0
0,1,1,0,0,0,0,0,1,0,1,0,0,1,0,0,0,1,1,0,1,1,0,0,0,0,1,1,0,0,0,1,1,0,0,1,0,0,1,15452.4
0,1,1,1,0,0,0,0,0,0,1,0,0,1,0,0,0,1,1,0,1,1,0,0,0,0,1,1,0,0,0,1,1,0,0,1,0,0,0,15252.8
0,1,1,0,0,0,0,0,1,0,1,0,0,1,0,0,0,1,1,0,1,1,0,0,0,0,1,1,0,0,0,1,0,0,0,1,0,0,1,15502.4
1,1,1,0,0,0,0,0,0,0,1,0,0,1,0,0,0,1,0,0,1,1,0,0,0,0,1,1,0,0,0,1,1,0,0,1,0,0,1,14032.8
0,1,1,0,0,0,0,0,0,0,1,0,0,1,0,0,0,1,0,0,1,1,0,0,0,0,1,1,0,0,0,1,1,0,0,1,1,0,1,17565.2
0,1,1,0,1,0,0,0,0,0,1,0,0,1,0,0,0,1,1,0,0,1,0,0,0,0,1,1,0,0,0,1,1,0,0,1,0,0,1,15231.6
0,1,1,0,0,0,0,0,0,0,1,0,0,1,0,0,0,1,1,0,1,1,0,0,0,0,0,1,0,1,0,1,1,0,0,1,0,0,1,15231.6
0,1,1,0,0,0,0,0,0,0,1,0,0,1,0,0,0,1,1,0,1,1,1,0,0,0,0,1,0,0,0,1,1,0,0,1,0,0,1,15112.4
0,1,1,0,0,0,0,0,0,0,1,0,0,1,0,0,0,1,1,0,1,1,0,0,0,0,0,1,0,0,0,1,1,0,1,1,0,0,1,15503.2
0,1,1,0,0,0,0,0,0,0,1,0,1,1,0,1,0,1,1,0,1,1,0,0,0,0,1,1,0,0,0,1,0,0,0,1,0,0,1,15244.0
0,1,1,0,0,1,0,0,0,0,1,0,1,1,0,0,0,1,1,0,1,1,0,0,0,0,1,1,0,0,0,1,0,0,0,1,0,0,1,15232.4
0,1,1,0,0,0,0,0,0,0,1,0,1,1,0,0,0,1,1,0,1,1,0,0,0,0,1,1,0,0,0,1,0,1,0,1,0,0,1,15245.2
0,1,1,0,0,0,0,0,0,1,1,0,1,1,0,0,0,1,1,0,1,1,0,0,0,0,1,1,0,0,0,1,0,0,0,1,0,0,1,15244.8
0,1,1,0,0,0,0,0,0,0,1,0,0,1,0,0,0,1,1,0,1,1,0,0,0,0,1,1,0,0,0,1,0,0,0,1,0,0,1,15232.0
0,1,1,0,0,0,0,0,0,0,1,0,1,1,0,0,0,1,1,0,1,1,0,0,0,0,1,1,1,0,0,1,0,0,0,1,0,0,1,15223.6
0,1,1,0,0,0,0,0,0,0,1,0,1,1,0,0,0,1,1,0,1,1,0,0,0,1,1,1,0,0,0,1,0,0,0,1,0,0,1,15219.6
0,1,1,0,0,0,0,0,0,0,1,1,1,1,0,0,0,1,1,0,1,1,0,0,0,0,1,1,0,0,0,1,0,0,0,1,0,0,1,15664.0
0,1,1,0,0,0,0,0,0,0,1,0,1,1,0,0,0,1,1,1,1,1,0,0,0,0,1,1,0,0,0,1,0,0,0,1,0,0,1,15100.4
0,1,1,0,0,0,0,0,1,0,1,0,1,1,0,0,0,1,1,0,1,1,0,0,0,0,1,1,0,0,0,1,0,0,0,1,0,0,1,15504.8
0,1,1,1,0,0,0,0,0,0,1,0,1,1,0,0,0,1,1,0,1,1,0,0,0,0,1,1,0,0,0,1,0,0,0,1,0,0,0,15252.4
1,1,1,0,0,0,0,0,0,0,1,0,1,1,0,0,0,1,0,0,1,1,0,0,0,0,1,1,0,0,0,1,0,0,0,1,0,0,1,14032.4
0,1,1,0,0,0,0,0,0,0,1,0,1,1,0,0,0,1,0,0,1,1,0,0,0,0,1,1,0,0,0,1,0,0,0,1,1,0,1,17578.0
0,1,1,0,1,0,0,0,0,0,1,0,1,1,0,0,0,1,1,0,0,1,0,0,0,0,1,1,0,0,0,1,0,0,0,1,0,0,1,15232.0
0,1,1,0,0,0,0,0,0,0,1,0,1,1,0,0,0,1,1,0,1,1,0,0,0,0,0,1,0,1,0,1,0,0,0,1,0,0,1,15232.4
0,1,1,0,0,0,0,0,0,0,1,0,0,1,1,0,0,1,1,0,1,1,0,0,0,0,1,1,0,0,0,1,0,0,0,1,0,1,1,15245.2
0,1,1,1,0,0,0,0,0,0,1,0,0,1,0,0,0,1,1,0,1,1,0,0,0,0,1,1,0,0,0,1,0,0,0,1,0,0,0,15252.8
0,1,1,0,0,0,0,0,0,0,1,0,1,1,0,0,0,1,1,0,1,1,1,0,0,0,0,1,0,0,0,1,0,0,0,1,0,0,1,15112.4
0,1,1,0,0,0,0,0,0,0,1,0,1,1,0,0,0,1,1,0,1,1,0,0,0,0,0,1,0,0,0,1,0,0,1,1,0,0,1,15500.4
0,1,1,0,0,1,0,0,0,0,1,0,0,1,0,1,0,1,1,0,1,1,0,0,0,0,1,1,0,0,0,1,0,0,0,1,0,0,1,15232.0
0,1,1,0,0,0,0,0,0,0,1,0,0,1,0,1,0,1,1,0,1,1,0,0,0,0,1,1,0,0,0,1,0,1,0,1,0,0,1,15248.8
0,1,1,0,0,0,0,0,0,1,1,0,0,1,0,1,0,1,1,0,1,1,0,0,0,0,1,1,0,0,0,1,0,0,0,1,0,0,1,15236.8
0,1,1,0,0,0,0,0,0,0,1,0,0,1,0,1,0,1,1,0,1,1,0,0,0,0,1,1,1,0,0,1,0,0,0,1,0,0,1,15236.8
0,1,1,0,0,0,0,0,0,0,1,0,0,1,0,1,0,1,1,0,1,1,0,0,0,1,1,1,0,0,0,1,0,0,0,1,0,0,1,15223.6
0,1,1,0,0,0,0,0,0,0,1,1,0,1,0,1,0,1,1,0,1,1,0,0,0,0,1,1,0,0,0,1,0,0,0,1,0,0,1,15668.0
0,1,1,0,0,0,0,0,0,0,1,0,0,1,0,1,0,1,1,1,1,1,0,0,0,0,1,1,0,0,0,1,0,0,0,1,0,0,1,15100.8
0,1,1,0,0,0,0,0,1,0,1,0,0,1,0,1,0,1,1,0,1,1,0,0,0,0,1,1,0,0,0,1,0,0,0,1,0,0,1,15448.0
1,1,1,0,0,0,0,0,0,0,1,0,0,1,0,0,0,1,0,0,1,1,0,0,0,0,1,1,0,0,0,1,0,0,0,1,0,0,1,14032.0
0,1,1,1,0,0,0,0,0,0,1,0,0,1,0,1,0,1,1,0,1,1,0,0,0,0,1,1,0,0,0,1,0,0,0,1,0,0,0,15226.4
1,1,1,0,0,0,0,0,0,0,1,0,0,1,0,1,0,1,0,0,1,1,0,0,0,0,1,1,0,0,0,1,0,0,0,1,0,0,1,14032.0
0,1,1,0,0,0,0,0,0,0,1,0,0,1,0,1,0,1,0,0,1,1,0,0,0,0,1,1,0,0,0,1,0,0,0,1,1,0,1,17586.8
0,1,1,0,1,0,0,0,0,0,1,0,0,1,0,1,0,1,1,0,0,1,0,0,0,0,1,1,0,0,0,1,0,0,0,1,0,0,1,15232.0
0,1,1,0,0,0,0,0,0,0,1,0,0,1,0,1,0,1,1,0,1,1,0,0,0,0,0,1,0,1,0,1,0,0,0,1,0,0,1,15219.2
0,1,1,0,0,0,0,0,0,0,1,0,0,1,0,1,0,1,1,0,1,1,1,0,0,0,0,1,0,0,0,1,0,0,0,1,0,0,1,15112.0
0,1,1,0,0,0,0,0,0,0,1,0,0,1,0,1,0,1,1,0,1,1,0,0,0,0,0,1,0,0,0,1,0,0,1,1,0,0,1,15476.8
0,1,1,0,0,1,0,0,0,0,1,0,0,1,0,0,0,1,1,0,1,1,0,0,0,0,1,1,0,0,0,1,0,1,0,1,0,0,1,15248.8
0,1,1,0,0,1,0,0,0,1,1,0,0,1,0,0,0,1,1,0,1,1,0,0,0,0,1,1,0,0,0,1,0,0,0,1,0,0,1,15244.8
0,1,1,0,0,1,0,0,0,0,1,0,0,1,0,0,0,1,1,0,1,1,0,0,0,0,1,1,1,0,0,1,0,0,0,1,0,0,1,15219.2
0,1,1,0,0,0,0,0,0,0,1,0,0,1,0,0,0,1,0,0,1,1,0,0,0,0,1,1,0,0,0,1,0,0,0,1,1,0,1,17564.0
0,1,1,0,0,1,0,0,0,0,1,0,0,1,0,0,0,1,1,0,1,1,0,0,0,1,1,1,0,0,0,1,0,0,0,1,0,0,1,15240.4
0,1,1,0,0,1,0,0,0,0,1,1,0,1,0,0,0,1,1,0,1,1,0,0,0,0,1,1,0,0,0,1,0,0,0,1,0,0,1,15664.8
0,1,1,0,0,1,0,0,0,0,1,0,0,1,0,0,0,1,1,1,1,1,0,0,0,0,1,1,0,0,0,1,0,0,0,1,0,0,1,15106.0
0,1,1,0,0,1,0,0,1,0,1,0,0,1,0,0,0,1,1,0,1,1,0,0,0,0,1,1,0,0,0,1,0,0,0,1,0,0,1,15478.0
0,1,1,1,0,1,0,0,0,0,1,0,0,1,0,0,0,1,1,0,1,1,0,0,0,0,1,1,0,0,0,1,0,0,0,1,0,0,0,15239.6
1,1,1,0,0,1,0,0,0,0,1,0,0,1,0,0,0,1,0,0,1,1,0,0,0,0,1,1,0,0,0,1,0,0,0,1,0,0,1,14032.0
0,1,1,0,0,1,0,0,0,0,1,0,0,1,0,0,0,1,0,0,1,1,0,0,0,0,1,1,0,0,0,1,0,0,0,1,1,0,1,17564.4
0,1,1,0,1,1,0,0,0,0,1,0,0,1,0,0,0,1,1,0,0,1,0,0,0,0,1,1,0,0,0,1,0,0,0,1,0,0,1,15244.8
0,1,1,0,0,1,0,0,0,0,1,0,0,1,0,0,0,1,1,0,1,1,0,0,0,0,0,1,0,1,0,1,0,0,0,1,0,0,1,15232.0
0,1,1,0,0,1,0,0,0,0,1,0,0,1,0,0,0,1,1,0,1,1,1,0,0,0,0,1,0,0,0,1,0,0,0,1,0,0,1,15113.2
0,1,1,0,1,0,0,0,0,0,1,0,0,1,0,0,0,1,1,0,0,1,0,0,0,0,1,1,0,0,0,1,0,0,0,1,0,0,1,15244.8
0,1,1,0,0,1,0,0,0,0,1,0,0,1,0,0,0,1,1,0,1,1,0,0,0,0,0,1,0,0,0,1,0,0,1,1,0,0,1,15484.0
0,1,1,0,0,0,0,0,0,1,1,0,0,1,0,0,0,1,1,0,1,1,0,0,0,0,1,1,0,0,0,1,0,1,0,1,0,0,1,15248.0
0,1,1,0,0,0,0,0,0,0,1,0,0,1,0,0,0,1,1,0,1,1,0,0,0,0,1,1,1,0,0,1,0,1,0,1,0,0,1,15227.6
0,1,1,0,0,0,0,0,0,0,1,0,0,1,0,0,0,1,1,0,1,1,0,0,0,1,1,1,0,0,0,1,0,1,0,1,0,0,1,15228.4
0,1,1,0,0,0,0,0,0,0,1,1,0,1,0,0,0,1,1,0,1,1,0,0,0,0,1,1,0,0,0,1,0,1,0,1,0,0,1,15672.4
0,1,1,0,0,0,0,0,0,0,1,0,0,1,0,0,0,1,1,1,1,1,0,0,0,0,1,1,0,0,0,1,0,1,0,1,0,0,1,15100.8
0,1,1,0,0,0,0,0,1,0,1,0,0,1,0,0,0,1,1,0,1,1,0,0,0,0,1,1,0,0,0,1,0,1,0,1,0,0,1,15482.0
0,1,1,1,0,0,0,0,0,0,1,0,0,1,0,0,0,1,1,0,1,1,0,0,0,0,1,1,0,0,0,1,0,1,0,1,0,0,0,15239.6
1,1,1,0,0,0,0,0,0,0,1,0,0,1,0,0,0,1,0,0,1,1,0,0,0,0,1,1,0,0,0,1,0,1,0,1,0,0,1,14033.2
0,1,1,0,0,0,0,0,0,0,1,0,0,1,0,0,0,1,0,0,1,1,0,0,0,0,1,1,0,0,0,1,0,1,0,1,1,0,1,17564.4
0,1,1,0,0,0,0,0,0,0,1,0,0,1,0,0,0,1,1,0,1,1,0,0,0,0,0,1,0,1,0,1,0,0,0,1,0,0,1,15232.4
0,1,1,0,1,0,0,0,0,0,1,0,0,1,0,0,0,1,1,0,0,1,0,0,0,0,1,1,0,0,0,1,0,1,0,1,0,0,1,15244.0
0,1,1,0,0,0,0,0,0,0,1,0,0,1,0,0,0,1,1,0,1,1,0,0,0,0,0,1,0,1,0,1,0,1,0,1,0,0,1,15232.0
0,1,1,0,0,0,0,0,0,0,1,0,0,1,0,0,0,1,1,0,1,1,1,0,0,0,0,1,0,0,0,1,0,1,0,1,0,0,1,15112.8
0,1,1,0,0,0,0,0,0,0,1,0,0,1,0,0,0,1,1,0,1,1,0,0,0,0,0,1,0,0,0,1,0,1,1,1,0,0,1,15484.8
0,1,1,0,0,0,0,0,0,1,1,0,0,1,0,0,0,1,1,0,1,1,0,0,0,0,1,1,1,0,0,1,0,0,0,1,0,0,1,15236.0
0,1,1,0,0,0,0,0,0,1,1,0,0,1,0,0,0,1,1,0,1,1,0,0,0,1,1,1,0,0,0,1,0,0,0,1,0,0,1,15236.4
0,1,1,0,0,0,0,0,0,1,1,1,0,1,0,0,0,1,1,0,1,1,0,0,0,0,1,1,0,0,0,1,0,0,0,1,0,0,1,15668.8
0,1,1,0,0,0,0,0,0,1,1,0,0,1,0,0,0,1,1,1,1,1,0,0,0,0,1,1,0,0,0,1,0,0,0,1,0,0,1,15101.6
0,1,1,0,0,0,0,0,1,1,1,0,0,1,0,0,0,1,1,0,1,1,0,0,0,0,1,1,0,0,0,1,0,0,0,1,0,0,1,15448.4
0,1,1,1,0,0,0,0,0,1,1,0,0,1,0,0,0,1,1,0,1,1,0,0,0,0,1,1,0,0,0,1,0,0,0,1,0,0,0,15226.4
0,1,1,0,0,0,0,0,0,0,1,0,0,1,0,0,0,1,1,0,1,1,1,0,0,0,0,1,0,0,0,1,0,0,0,1,0,0,1,15112.0
1,1,1,0,0,0,0,0,0,1,1,0,0,1,0,0,0,1,0,0,1,1,0,0,0,0,1,1,0,0,0,1,0,0,0,1,0,0,1,14032.4
0,1,1,0,0,0,0,0,0,1,1,0,0,1,0,0,0,1,0,0,1,1,0,0,0,0,1,1,0,0,0,1,0,0,0,1,1,0,1,17577.6
0,1,1,0,1,0,0,0,0,1,1,0,0,1,0,0,0,1,1,0,0,1,0,0,0,0,1,1,0,0,0,1,0,0,0,1,0,0,1,15219.2
0,1,1,0,0,0,0,0,0,1,1,0,0,1,0,0,0,1,1,0,1,1,0,0,0,0,0,1,0,1,0,1,0,0,0,1,0,0,1,15206.4
0,1,1,0,0,0,0,0,0,1,1,0,0,1,0,0,0,1,1,0,1,1,1,0,0,0,0,1,0,0,0,1,0,0,0,1,0,0,1,15112.0
0,1,1,0,0,0,0,0,0,1,1,0,0,1,0,0,0,1,1,0,1,1,0,0,0,0,0,1,0,0,0,1,0,0,1,1,0,0,1,15495.2
0,1,1,0,0,0,0,0,0,0,1,0,0,1,0,0,0,1,1,0,1,1,0,0,0,1,1,1,1,0,0,1,0,0,0,1,0,0,1,15229.6
0,1,1,0,0,0,0,0,0,0,1,1,0,1,0,0,0,1,1,0,1,1,0,0,0,0,1,1,1,0,0,1,0,0,0,1,0,0,1,15808.0
0,1,1,0,0,0,0,0,0,0,1,0,0,1,0,0,0,1,1,1,1,1,0,0,0,0,1,1,1,0,0,1,0,0,0,1,0,0,1,15016.8
0,1,1,0,0,0,0,0,1,0,1,0,0,1,0,0,0,1,1,0,1,1,0,0,0,0,1,1,1,0,0,1,0,0,0,1,0,0,1,15716.4
0,1,1,0,0,0,0,0,0,0,1,0,0,1,0,0,0,1,1,0,1,1,0,0,0,0,0,1,0,0,0,1,0,0,1,1,0,0,1,15482.4
0,1,1,1,0,0,0,0,0,0,1,0,0,1,0,0,0,1,1,0,1,1,0,0,0,0,1,1,1,0,0,1,0,0,0,1,0,0,0,15118.0
1,1,1,0,0,0,0,0,0,0,1,0,0,1,0,0,0,1,0,0,1,1,0,0,0,0,1,1,1,0,0,1,0,0,0,1,0,0,1,14032.4
0,1,1,0,0,0,0,0,0,0,1,0,0,1,0,0,0,1,0,0,1,1,0,0,0,0,1,1,1,0,0,1,0,0,0,1,1,0,1,17578.0
0,1,1,0,1,0,0,0,0,0,1,0,0,1,0,0,0,1,1,0,0,1,0,0,0,0,1,1,1,0,0,1,0,0,0,1,0,0,1,15236.8
0,1,1,0,0,0,0,0,0,0,1,0,0,1,0,0,0,1,1,0,1,1,0,0,0,0,0,1,1,1,0,1,0,0,0,1,0,0,1,15276.4
0,1,1,0,0,0,0,0,0,0,1,0,0,1,0,0,0,1,1,0,1,1,1,0,0,0,0,1,1,0,0,1,0,0,0,1,0,0,1,15028.0
0,1,1,0,0,0,0,0,0,0,1,0,0,1,0,0,0,1,1,0,1,1,0,0,0,0,0,1,1,0,0,1,0,0,1,1,0,0,1,15490.4
0,1,1,0,0,0,0,0,0,0,1,1,0,1,0,0,0,1,1,0,1,1,0,0,0,1,1,1,0,0,0,1,0,0,0,1,0,0,1,15664.4
0,1,1,0,0,0,0,0,0,0,1,0,0,1,0,0,0,1,1,1,1,1,0,0,0,1,1,1,0,0,0,1,0,0,0,1,0,0,1,15095.6
0,1,1,0,0,0,0,0,1,0,1,0,0,1,0,0,0,1,1,0,1,1,0,0,0,1,1,1,0,0,0,1,0,0,0,1,0,0,1,15448.0
0,1,1,0,0,0,0,1,0,0,1,0,0,1,1,0,0,1,1,0,1,1,0,0,0,0,1,1,0,0,0,1,0,0,0,1,0,1,1,15244.0
0,1,1,1,0,0,0,0,0,0,1,0,0,1,0,0,0,1,1,0,1,1,0,0,0,1,1,1,0,0,0,1,0,0,0,1,0,0,0,15243.6
1,1,1,0,0,0,0,0,0,0,1,0,0,1,0,0,0,1,0,0,1,1,0,0,0,1,1,1,0,0,0,1,0,0,0,1,0,0,1,14036.8
0,1,1,0,0,0,0,0,0,0,1,0,0,1,0,0,0,1,0,0,1,1,0,0,0,1,1,1,0,0,0,1,0,0,0,1,1,0,1,17580.8
0,1,1,0,1,0,0,0,0,0,1,0,0,1,0,0,0,1,1,0,0,1,0,0,0,1,1,1,0,0,0,1,0,0,0,1,0,0,1,15235.6
0,1,1,0,0,0,0,0,0,0,1,0,0,1,0,0,0,1,1,0,1,1,0,0,0,1,0,1,0,1,0,1,0,0,0,1,0,0,1,15236.0
0,1,1,0,0,0,0,0,0,0,1,0,0,1,0,0,0,1,1,0,1,1,1,0,0,1,0,1,0,0,0,1,0,0,0,1,0,0,1,15116.0
0,1,1,0,0,0,0,0,0,0,1,0,0,1,0,0,0,1,1,0,1,1,0,0,0,1,0,1,0,0,0,1,0,0,1,1,0,0,1,15498.0
0,1,1,0,0,0,0,0,0,0,1,1,0,1,0,0,0,1,1,1,1,1,0,0,0,0,1,1,0,0,0,1,0,0,0,1,0,0,1,15823.2
0,1,1,0,0,0,0,0,1,0,1,1,0,1,0,0,0,1,1,0,1,1,0,0,0,0,1,1,0,0,0,1,0,0,0,1,0,0,1,16208.4
0,1,1,1,0,0,0,0,0,0,1,1,0,1,0,0,0,1,1,0,1,1,0,0,0,0,1,1,0,0,0,1,0,0,0,1,0,0,0,15808.8
0,1,1,0,0,0,0,1,0,0,1,0,0,1,1,0,0,1,1,0,1,1,0,0,1,0,1,1,0,0,0,1,0,0,0,1,0,0,1,15236.0
1,1,1,0,0,0,0,0,0,0,1,1,0,1,0,0,0,1,0,0,1,1,0,0,0,0,1,1,0,0,0,1,0,0,0,1,0,0,1,14584.0
0,1,1,0,0,0,0,0,0,0,1,1,0,1,0,0,0,1,0,0,1,1,0,0,0,0,1,1,0,0,0,1,0,0,0,1,1,0,1,18396.0
0,1,1,0,1,0,0,0,0,0,1,1,0,1,0,0,0,1,1,0,0,1,0,0,0,0,1,1,0,0,0,1,0,0,0,1,0,0,1,15668.0
0,1,1,0,0,0,0,0,0,0,1,1,0,1,0,0,0,1,1,0,1,1,0,0,0,0,0,1,0,1,0,1,0,0,0,1,0,0,1,15856.4
0,1,1,0,0,0,0,0,0,0,1,1,0,1,0,0,0,1,1,0,1,1,1,0,0,0,0,1,0,0,0,1,0,0,0,1,0,0,1,15668.0
0,1,1,0,0,0,0,0,0,0,1,1,0,1,0,0,0,1,1,0,1,1,0,0,0,0,0,1,0,0,0,1,0,0,1,1,0,0,1,16335.2
0,1,1,0,0,0,0,0,1,0,1,0,0,1,0,0,0,1,1,1,1,1,0,0,0,0,1,1,0,0,0,1,0,0,0,1,0,0,1,15708.0
0,1,1,1,0,0,0,0,0,0,1,0,0,1,0,0,0,1,1,1,1,1,0,0,0,0,1,1,0,0,0,1,0,0,0,1,0,0,0,15114.0
1,1,1,0,0,0,0,0,0,0,1,0,0,1,0,0,0,1,0,1,1,1,0,0,0,0,1,1,0,0,0,1,0,0,0,1,0,0,1,14017.2
0,1,1,0,0,0,0,0,0,0,1,0,0,1,0,0,0,1,0,1,1,1,0,0,0,0,1,1,0,0,0,1,0,0,0,1,1,0,1,17788.4
0,1,1,0,0,0,0,1,0,0,1,0,0,1,1,0,0,1,1,0,1,1,0,1,0,0,1,1,0,0,0,1,0,0,0,1,0,0,1,28397.2
0,1,1,0,1,0,0,0,0,0,1,0,0,1,0,0,0,1,1,1,0,1,0,0,0,0,1,1,0,0,0,1,0,0,0,1,0,0,1,15100.4
0,1,1,0,0,0,0,0,0,0,1,0,0,1,0,0,0,1,1,1,1,1,0,0,0,0,0,1,0,1,0,1,0,0,0,1,0,0,1,15039.6
0,1,1,0,0,0,0,0,0,0,1,0,0,1,0,0,0,1,1,1,1,1,1,0,0,0,0,1,0,0,0,1,0,0,0,1,0,0,1,15012.4
0,1,1,0,0,0,0,0,0,0,1,0,0,1,0,0,0,1,1,1,1,1,0,0,0,0,0,1,0,0,0,1,0,0,1,1,0,0,1,15493.6
0,1,1,1,0,0,0,0,1,0,1,0,0,1,0,0,0,1,1,0,1,1,0,0,0,0,1,1,0,0,0,1,0,0,0,1,0,0,0,15668.4
1,1,1,0,0,0,0,0,1,0,1,0,0,1,0,0,0,1,0,0,1,1,0,0,0,0,1,1,0,0,0,1,0,0,0,1,0,0,1,14112.8
0,1,1,0,0,0,0,0,1,0,1,0,0,1,0,0,0,1,0,0,1,1,0,0,0,0,1,1,0,0,0,1,0,0,0,1,1,0,1,18732.8
0,1,1,0,1,0,0,0,1,0,1,0,0,1,0,0,0,1,1,0,0,1,0,0,0,0,1,1,0,0,0,1,0,0,0,1,0,0,1,15452.0
0,1,1,0,0,0,0,0,1,0,1,0,0,1,0,0,0,1,1,0,1,1,0,0,0,0,0,1,0,1,0,1,0,0,0,1,0,0,1,15712.0
0,1,1,0,0,0,0,0,1,0,1,0,0,1,0,0,0,1,1,0,1,1,1,0,0,0,0,1,0,0,0,1,0,0,0,1,0,0,1,15716.4
0,1,1,0,0,0,0,0,0,0,1,0,0,1,1,0,0,1,1,0,1,1,0,0,1,0,1,1,0,0,0,1,0,0,0,1,0,0,1,15244.8
0,1,1,0,0,0,0,1,0,0,1,0,0,1,1,0,1,1,1,0,1,1,0,0,0,0,1,1,0,0,0,1,0,0,0,1,0,0,1,28393.2
0,1,1,0,0,0,0,0,1,0,1,0,0,1,0,0,0,1,1,0,1,1,0,0,0,0,0,1,0,0,0,1,0,0,1,1,0,0,1,16303.2
1,1,1,1,0,0,0,0,0,0,1,0,0,1,0,0,0,1,0,0,1,1,0,0,0,0,1,1,0,0,0,1,0,0,0,1,0,0,0,13973.2
0,1,1,1,0,0,0,0,0,0,1,0,0,1,0,0,0,1,0,0,1,1,0,0,0,0,1,1,0,0,0,1,0,0,0,1,1,0,0,17760.0
0,1,1,1,1,0,0,0,0,0,1,0,0,1,0,0,0,1,1,0,0,1,0,0,0,0,1,1,0,0,0,1,0,0,0,1,0,0,0,15252.0
0,1,1,1,0,0,0,0,0,0,1,0,0,1,0,0,0,1,1,0,1,1,0,0,0,0,0,1,0,1,0,1,0,0,0,1,0,0,0,15238.4
0,1,1,1,0,0,0,0,0,0,1,0,0,1,0,0,0,1,1,0,1,1,1,0,0,0,0,1,0,0,0,1,0,0,0,1,0,0,0,15086.8
0,1,1,1,0,0,0,0,0,0,1,0,0,1,0,0,0,1,1,0,1,1,0,0,0,0,0,1,0,0,0,1,0,0,1,1,0,0,0,15053.2
1,1,1,0,1,0,0,0,0,0,1,0,0,1,0,0,0,1,0,0,0,1,0,0,0,0,1,1,0,0,0,1,0,0,0,1,0,0,1,14032.0
1,1,1,0,0,0,0,0,0,0,1,0,0,1,0,0,0,1,0,0,1,1,0,0,0,0,0,1,0,1,0,1,0,0,0,1,0,0,1,14028.8
1,1,1,0,0,0,0,0,0,0,1,0,0,1,0,0,0,1,0,0,1,1,1,0,0,0,0,1,0,0,0,1,0,0,0,1,0,0,1,14029.2
0,1,1,0,0,0,0,1,0,0,1,0,0,1,0,0,0,1,1,0,1,1,0,0,0,0,1,1,0,0,1,1,0,0,0,1,0,0,1,15049.2
1,1,1,0,0,0,0,0,0,0,1,0,0,1,0,0,0,1,0,0,1,1,0,0,0,0,0,1,0,0,0,1,0,0,1,1,0,0,1,14652.8
0,1,1,0,1,0,0,0,0,0,1,0,0,1,0,0,0,1,0,0,0,1,0,0,0,0,1,1,0,0,0,1,0,0,0,1,1,0,1,17564.0
0,1,1,0,0,0,0,0,0,0,1,0,0,1,0,0,0,1,0,0,1,1,0,0,0,0,0,1,0,1,0,1,0,0,0,1,1,0,1,17560.0
0,1,1,0,0,0,0,0,0,0,1,0,0,1,0,0,0,1,0,0,1,1,1,0,0,0,0,1,0,0,0,1,0,0,0,1,1,0,1,17802.8
0,1,1,0,0,0,0,0,0,0,1,0,0,1,0,0,0,1,0,0,1,1,0,0,0,0,0,1,0,0,0,1,0,0,1,1,1,0,1,17804.8
0,1,1,0,1,0,0,0,0,0,1,0,0,1,0,0,0,1,1,0,0,1,0,0,0,0,0,1,0,1,0,1,0,0,0,1,0,0,1,15231.6
0,1,1,0,1,0,0,0,0,0,1,0,0,1,0,0,0,1,1,0,0,1,1,0,0,0,0,1,0,0,0,1,0,0,0,1,0,0,1,15112.0
0,1,1,0,1,0,0,0,0,0,1,0,0,1,0,0,0,1,1,0,0,1,0,0,0,0,0,1,0,0,0,1,0,0,1,1,0,0,1,15484.4
0,1,1,0,0,0,1,1,0,0,1,0,0,1,0,0,0,1,1,0,1,1,0,0,0,0,1,1,0,0,0,1,0,0,0,1,0,0,1,15248.0
0,1,1,0,0,0,0,1,0,0,1,0,0,1,0,0,0,1,1,0,1,1,0,0,0,0,1,1,0,0,0,1,1,0,0,1,0,0,1,15244.0
0,1,1,0,0,0,0,1,0,0,1,0,1,1,0,0,0,1,1,0,1,1,0,0,0,0,1,1,0,0,0,1,0,0,0,1,0,0,1,15245.2
0,1,1,0,0,0,0,1,0,0,1,0,0,1,0,1,0,1,1,0,1,1,0,0,0,0,1,1,0,0,0,1,0,0,0,1,0,0,1,15244.8
0,1,1,0,0,1,0,1,0,0,1,0,0,1,0,0,0,1,1,0,1,1,0,0,0,0,1,1,0,0,0,1,0,0,0,1,0,0,1,15232.0
0,1,1,0,0,0,0,1,0,0,1,0,0,1,0,0,0,1,1,0,1,1,0,0,0,0,1,1,0,0,0,1,0,1,0,1,0,0,1,15232.4
0,1,1,0,0,0,0,1,0,1,1,0,0,1,0,0,0,1,1,0,1,1,0,0,0,0,1,1,0,0,0,1,0,0,0,1,0,0,1,15231.6
0,1,1,0,0,0,0,1,0,0,1,0,0,1,0,0,0,1,1,0,1,1,0,0,0,0,1,1,1,0,0,1,0,0,0,1,0,0,1,15236.0
0,1,1,0,0,0,0,0,0,0,1,0,0,1,1,0,0,1,1,0,1,1,0,1,0,0,1,1,0,0,0,1,0,0,0,1,0,0,1,28392.0
0,1,1,0,0,0,0,1,0,0,1,0,0,1,0,0,0,1,1,0,1,1,0,0,0,1,1,1,0,0,0,1,0,0,0,1,0,0,1,15248.0
0,1,1,0,0,0,0,1,0,0,1,1,0,1,0,0,0,1,1,0,1,1,0,0,0,0,1,1,0,0,0,1,0,0,0,1,0,0,1,15668.0
0,1,1,0,0,0,0,1,0,0,1,0,0,1,0,0,0,1,1,1,1,1,0,0,0,0,1,1,0,0,0,1,0,0,0,1,0,0,1,15101.2
0,1,1,0,0,0,0,1,1,0,1,0,0,1,0,0,0,1,1,0,1,1,0,0,0,0,1,1,0,0,0,1,0,0,0,1,0,0,1,15452.4
0,1,1,1,0,0,0,1,0,0,1,0,0,1,0,0,0,1,1,0,1,1,0,0,0,0,1,1,0,0,0,1,0,0,0,1,0,0,0,15256.8
1,1,1,0,0,0,0,1,0,0,1,0,0,1,0,0,0,1,0,0,1,1,0,0,0,0,1,1,0,0,0,1,0,0,0,1,0,0,1,14036.0
0,1,1,0,0,0,0,1,0,0,1,0,0,1,0,0,0,1,0,0,1,1,0,0,0,0,1,1,0,0,0,1,0,0,0,1,1,0,1,17582.0
0,1,1,0,1,0,0,1,0,0,1,0,0,1,0,0,0,1,1,0,0,1,0,0,0,0,1,1,0,0,0,1,0,0,0,1,0,0,1,15247.2
0,1,1,0,0,0,0,1,0,0,1,0,0,1,0,0,0,1,1,0,1,1,0,0,0,0,0,1,0,1,0,1,0,0,0,1,0,0,1,15223.2
0,1,1,0,0,0,0,1,0,0,1,0,0,1,0,0,0,1,1,0,1,1,1,0,0,0,0,1,0,0,0,1,0,0,0,1,0,0,1,15117.2
0,1,1,0,0,0,0,0,0,0,1,0,0,1,1,0,1,1,1,0,1,1,0,0,0,0,1,1,0,0,0,1,0,0,0,1,0,0,1,28392.4
0,1,1,0,0,0,0,1,0,0,1,0,0,1,0,0,0,1,1,0,1,1,0,0,0,0,0,1,0,0,0,1,0,0,1,1,0,0,1,15490.4
0,1,1,0,0,0,0,0,0,0,1,0,0,1,1,0,0,1,1,0,1,1,0,0,0,0,1,1,0,0,1,1,0,0,0,1,0,1,1,15049.6
0,1,1,0,0,0,1,0,0,0,1,0,0,1,1,0,0,1,1,0,1,1,0,0,0,0,1,1,0,0,0,1,0,0,0,1,0,1,1,15249.2
0,1,1,0,0,0,0,0,0,0,1,0,0,1,1,0,0,1,1,0,1,1,0,0,0,0,1,1,0,0,0,1,1,0,0,1,0,1,1,15231.6
0,1,1,0,0,0,0,0,0,0,1,0,1,1,1,0,0,1,1,0,1,1,0,0,0,0,1,1,0,0,0,1,0,0,0,1,0,1,1,15244.8
0,1,1,0,0,0,0,0,0,0,1,0,0,1,1,1,0,1,1,0,1,1,0,0,0,0,1,1,0,0,0,1,0,0,0,1,0,1,1,15245.2
0,1,1,0,0,1,0,0,0,0,1,0,0,1,1,0,0,1,1,0,1,1,0,0,0,0,1,1,0,0,0,1,0,0,0,1,0,1,1,15232.0
0,1,1,0,0,0,0,0,0,0,1,0,0,1,1,0,0,1,1,0,1,1,0,0,0,0,1,1,0,0,0,1,0,1,0,1,0,1,1,15232.0
0,1,1,0,0,0,0,0,0,1,1,0,0,1,1,0,0,1,1,0,1,1,0,0,0,0,1,1,0,0,0,1,0,0,0,1,0,1,1,15244.8
0,1,1,0,0,0,0,0,0,0,1,0,0,1,1,0,0,1,1,0,1,1,0,0,0,0,1,1,1,0,0,1,0,0,0,1,0,1,1,15236.0
0,1,1,0,0,0,0,0,0,0,1,0,0,1,0,0,0,1,1,0,1,1,0,0,0,0,1,1,0,0,1,1,0,0,0,1,0,0,1,15049.2
0,1,1,0,0,0,0,0,0,0,1,0,0,1,1,0,0,1,1,0,1,1,0,0,0,1,1,1,0,0,0,1,0,0,0,1,0,1,1,15248.4
0,1,1,0,0,0,0,0,0,0,1,1,0,1,1,0,0,1,1,0,1,1,0,0,0,0,1,1,0,0,0,1,0,0,0,1,0,1,1,15664.8
0,1,1,0,0,0,0,0,0,0,1,0,0,1,1,0,0,1,1,1,1,1,0,0,0,0,1,1,0,0,0,1,0,0,0,1,0,1,1,15101.2
0,1,1,0,0,0,0,0,1,0,1,0,0,1,1,0,0,1,1,0,1,1,0,0,0,0,1,1,0,0,0,1,0,0,0,1,0,1,1,15452.0
0,1,1,1,0,0,0,0,0,0,1,0,0,1,1,0,0,1,1,0,1,1,0,0,0,0,1,1,0,0,0,1,0,0,0,1,0,1,0,15252.4
1,1,1,0,0,0,0,0,0,0,1,0,0,1,1,0,0,1,0,0,1,1,0,0,0,0,1,1,0,0,0,1,0,0,0,1,0,1,1,14032.8
0,1,1,0,0,0,0,0,0,0,1,0,0,1,1,0,0,1,0,0,1,1,0,0,0,0,1,1,0,0,0,1,0,0,0,1,1,1,1,17577.6
0,1,1,0,1,0,0,0,0,0,1,0,0,1,1,0,0,1,1,0,0,1,0,0,0,0,1,1,0,0,0,1,0,0,0,1,0,1,1,15231.6
0,1,1,0,0,0,0,0,0,0,1,0,0,1,1,0,0,1,1,0,1,1,0,0,0,0,0,1,0,1,0,1,0,0,0,1,0,1,1,15232.8
0,1,1,0,0,0,0,0,0,0,1,0,0,1,1,0,0,1,1,0,1,1,1,0,0,0,0,1,0,0,0,1,0,0,0,1,0,1,1,15112.8
0,1,1,0,0,0,1,0,0,0,1,0,0,1,0,0,0,1,1,0,1,1,0,0,0,0,1,1,0,0,0,1,0,0,0,1,0,0,1,15248.0
0,1,1,0,0,0,0,0,0,0,1,0,0,1,1,0,0,1,1,0,1,1,0,0,0,0,0,1,0,0,0,1,0,0,1,1,0,1,1,15489.2
0,1,1,0,0,0,0,0,0,0,1,0,0,1,1,0,0,1,1,0,1,1,0,0,1,0,1,1,0,0,1,1,0,0,0,1,0,0,1,15036.4
0,1,1,0,0,0,1,0,0,0,1,0,0,1,1,0,0,1,1,0,1,1,0,0,1,0,1,1,0,0,0,1,0,0,0,1,0,0,1,15249.6
0,1,1,0,0,0,0,0,0,0,1,0,0,1,1,0,0,1,1,0,1,1,0,0,1,0,1,1,0,0,0,1,1,0,0,1,0,0,1,15232.0
0,1,1,0,0,0,0,0,0,0,1,0,1,1,1,0,0,1,1,0,1,1,0,0,1,0,1,1,0,0,0,1,0,0,0,1,0,0,1,15245.2
0,1,1,0,0,0,0,0,0,0,1,0,0,1,1,1,0,1,1,0,1,1,0,0,1,0,1,1,0,0,0,1,0,0,0,1,0,0,1,15244.4
0,1,1,0,0,1,0,0,0,0,1,0,0,1,1,0,0,1,1,0,1,1,0,0,1,0,1,1,0,0,0,1,0,0,0,1,0,0,1,15232.4
0,1,1,0,0,0,0,0,0,0,1,0,0,1,1,0,0,1,1,0,1,1,0,0,1,0,1,1,0,0,0,1,0,1,0,1,0,0,1,15244.8
0,1,1,0,0,0,0,0,0,1,1,0,0,1,1,0,0,1,1,0,1,1,0,0,1,0,1,1,0,0,0,1,0,0,0,1,0,0,1,15244.0
0,1,1,0,0,0,0,0,0,0,1,0,0,1,0,0,0,1,1,0,1,1,0,0,0,0,1,1,0,0,0,1,1,0,0,1,0,0,1,15231.6
0,1,1,0,0,0,0,0,0,0,1,0,0,1,1,0,0,1,1,0,1,1,0,0,1,0,1,1,1,0,0,1,0,0,0,1,0,0,1,15236.4
0,1,1,0,0,0,0,0,0,0,1,0,0,1,1,0,0,1,1,0,1,1,0,0,1,1,1,1,0,0,0,1,0,0,0,1,0,0,1,15248.0
0,1,1,0,0,0,0,0,0,0,1,1,0,1,1,0,0,1,1,0,1,1,0,0,1,0,1,1,0,0,0,1,0,0,0,1,0,0,1,15668.4
0,1,1,0,0,0,0,0,0,0,1,0,0,1,1,0,0,1,1,1,1,1,0,0,1,0,1,1,0,0,0,1,0,0,0,1,0,0,1,15100.0
0,1,1,0,0,0,0,0,1,0,1,0,0,1,1,0,0,1,1,0,1,1,0,0,1,0,1,1,0,0,0,1,0,0,0,1,0,0,1,15452.0
0,1,1,1,0,0,0,0,0,0,1,0,0,1,1,0,0,1,1,0,1,1,0,0,1,0,1,1,0,0,0,1,0,0,0,1,0,0,0,15252.4
1,1,1,0,0,0,0,0,0,0,1,0,0,1,1,0,0,1,0,0,1,1,0,0,1,0,1,1,0,0,0,1,0,0,0,1,0,0,1,14032.0
0,1,1,0,0,0,0,0,0,0,1,0,0,1,1,0,0,1,0,0,1,1,0,0,1,0,1,1,0,0,0,1,0,0,0,1,1,0,1,17604.8
0,1,1,0,1,0,0,0,0,0,1,0,0,1,1,0,0,1,1,0,0,1,0,0,1,0,1,1,0,0,0,1,0,0,0,1,0,0,1,15244.0
0,1,1,0,0,0,0,0,0,0,1,0,0,1,1,0,0,1,1,0,1,1,0,0,1,0,0,1,0,1,0,1,0,0,0,1,0,0,1,15232.0
0,1,1,0,0,0,0,0,0,0,1,0,1,1,0,0,0,1,1,0,1,1,0,0,0,0,1,1,0,0,0,1,0,0,0,1,0,0,1,15244.0
0,1,1,0,0,0,0,0,0,0,1,0,0,1,1,0,0,1,1,0,1,1,1,0,1,0,0,1,0,0,0,1,0,0,0,1,0,0,1,15113.2
0,1,1,0,0,0,0,0,0,0,1,0,0,1,1,0,0,1,1,0,1,1,0,0,1,0,0,1,0,0,0,1,0,0,1,1,0,0,1,15498.0
0,1,1,0,0,0,0,0,0,0,1,0,0,1,1,0,0,1,1,0,1,1,0,1,0,0,1,1,0,0,1,1,0,0,0,1,0,0,1,28383.6
0,1,1,0,0,0,1,0,0,0,1,0,0,1,1,0,0,1,1,0,1,1,0,1,0,0,1,1,0,0,0,1,0,0,0,1,0,0,1,28397.2
0,1,1,0,0,0,0,0,0,0,1,0,0,1,1,0,0,1,1,0,1,1,0,1,0,0,1,1,0,0,0,1,1,0,0,1,0,0,1,28392.0
0,1,1,0,0,0,0,0,0,0,1,0,1,1,1,0,0,1,1,0,1,1,0,1,0,0,1,1,0,0,0,1,0,0,0,1,0,0,1,28392.8
0,1,1,0,0,0,0,0,0,0,1,0,0,1,1,1,0,1,1,0,1,1,0,1,0,0,1,1,0,0,0,1,0,0,0,1,0,0,1,28392.4
0,1,1,0,0,1,0,0,0,0,1,0,0,1,1,0,0,1,1,0,1,1,0,1,0,0,1,1,0,0,0,1,0,0,0,1,0,0,1,28392.0
0,1,1,0,0,0,0,0,0,0,1,0,0,1,1,0,0,1,1,0,1,1,0,1,0,0,1,1,0,0,0,1,0,1,0,1,0,0,1,28392.0
0,1,1,0,0,0,0,0,0,1,1,0,0,1,1,0,0,1,1,0,1,1,0,1,0,0,1,1,0,0,0,1,0,0,0,1,0,0,1,28392.4
0,1,1,0,0,1,1,1,0,0,1,1,1,1,1,0,0,1,0,0,1,1,1,0,0,0,0,1,1,0,0,1,0,1,0,1,1,1,1,18413.2
0,1,1,0,0,0,0,0,0,1,1,0,1,1,1,0,0,1,0,1,1,1,0,0,1,1,1,1,1,0,1,1,1,1,0,1,1,0,1,17580.4
0,1,1,0,0,0,0,1,1,0,1,0,0,1,1,0,0,1,0,0,1,1,0,1,0,1,1,1,0,0,0,1,1,1,0,1,1,0,1,30823.6
0,1,1,1,1,0,0,0,0,0,1,1,1,1,1,0,0,1,1,1,0,1,0,0,1,1,1,1,1,0,0,1,1,1,0,1,0,0,0,15841.2
0,1,1,0,1,1,0,1,1,1,1,1,1,1,1,0,1,1,0,0,0,1,0,0,0,0,1,1,1,0,1,1,1,0,0,1,1,0,1,32436.0
1,1,1,0,0,1,1,0,0,0,1,0,1,1,1,0,0,1,0,0,1,1,0,0,1,1,0,1,0,1,0,1,1,0,0,1,0,0,1,14016.4
0,1,1,0,1,1,0,0,1,1,1,1,1,1,1,1,1,1,1,1,0,1,0,0,0,0,0,1,0,1,0,1,1,0,0,1,0,0,1,32356.4
0,1,1,0,0,1,0,1,1,0,1,1,0,1,1,0,0,1,1,0,1,1,0,0,0,0,1,1,1,0,0,1,0,1,0,1,0,1,1,16192.8
0,1,1,1,0,1,0,0,1,0,1,1,1,1,1,0,1,1,0,1,1,1,1,0,0,1,0,1,0,0,0,1,1,1,0,1,1,0,0,32364.0
0,1,1,0,0,1,0,1,1,1,1,0,0,1,1,0,1,1,0,0,1,1,1,0,0,1,0,1,0,0,1,1,1,1,0,1,1,0,1,30731.2
0,1,1,0,1,1,1,1,1,0,1,0,0,1,1,0,0,1,1,1,0,1,0,0,1,0,1,1,1,0,1,1,1,1,0,1,0,0,1,15712.0
0,1,1,0,1,0,1,1,1,0,1,0,1,1,1,0,0,1,1,1,0,1,1,1,0,0,0,1,1,0,1,1,0,0,0,1,0,0,1,30772.4
1,1,1,0,1,1,0,1,1,0,1,1,0,1,1,1,1,1,0,0,0,1,1,0,0,0,0,1,1,0,1,1,0,0,0,1,0,0,1,32348.0
0,1,1,0,0,1,0,1,1,0,1,0,0,1,1,0,0,1,0,0,1,1,0,1,0,0,0,1,1,1,0,1,1,0,0,1,1,0,1,30834.0
0,1,1,0,0,0,1,0,0,1,1,1,0,1,1,0,0,1,1,1,1,1,0,1,0,1,1,1,1,0,1,1,0,1,0,1,0,0,1,29624.4
0,1,1,1,0,0,0,0,0,1,1,0,1,1,1,1,0,1,1,1,1,1,1,0,0,0,0,1,0,0,0,1,0,1,0,1,0,1,0,15199.6
0,1,1,1,0,0,0,1,1,1,1,0,1,1,1,1,1,1,0,1,1,1,0,0,0,1,0,1,1,0,1,1,0,0,1,1,1,0,0,30828.4
0,1,1,1,0,0,1,1,0,0,1,1,1,1,1,1,1,1,1,0,1,1,1,0,0,0,0,1,1,0,0,1,1,0,0,1,0,0,0,29552.0
0,1,1,0,0,1,0,0,0,1,1,1,1,1,1,1,1,1,1,0,1,1,1,0,0,0,0,1,0,0,0,1,0,0,0,1,0,0,1,29584.0
0,1,1,0,0,1,1,0,1,0,1,1,0,1,1,0,0,1,0,1,1,1,1,1,0,1,0,1,0,0,1,1,1,0,0,1,1,0,1,32435.2
1,1,1,0,0,0,0,1,0,1,1,1,1,1,1,1,0,1,0,1,1,1,1,1,0,1,0,1,1,0,1,1,1,0,0,1,0,0,1,29563.6
0,1,1,1,1,1,0,0,1,1,1,1,0,1,1,1,0,1,0,1,0,1,0,1,0,0,1,1,1,0,0,1,1,1,0,1,1,0,0,32440.4
1,1,1,0,0,0,0,0,1,0,1,1,0,1,1,1,0,1,0,0,1,1,0,1,0,0,1,1,1,0,1,1,1,1,0,1,0,0,1,32423.6
0,1,1,0,0,1,1,0,1,1,1,0,0,1,1,1,0,1,1,0,1,1,0,1,0,0,1,1,0,0,0,1,0,0,0,1,0,0,1,30821.2
0,1,1,1,0,1,0,1,1,1,1,1,1,1,1,1,1,1,1,0,1,1,0,0,0,0,0,1,0,1,0,1,0,0,0,1,0,0,0,32368.4
0,1,1,0,0,0,0,0,1,0,1,0,1,1,1,1,1,1,0,0,1,1,1,0,0,1,0,1,1,0,0,1,1,1,0,1,1,0,1,30824.8
0,1,1,0,1,0,0,0,1,1,1,0,1,1,1,0,0,1,0,0,0,1,1,1,0,1,0,1,0,0,1,1,1,0,0,1,1,0,1,30730.8
0,1,1,0,1,1,0,0,0,0,1,1,0,1,1,1,1,1,0,1,0,1,0,0,0,1,0,1,1,1,0,1,1,1,0,1,1,0,1,29551.2
0,1,1,0,1,1,1,1,1,1,1,1,1,1,1,1,1,1,1,0,0,1,0,0,0,1,1,1,1,0,0,1,1,0,0,1,0,0,1,32363.6
0,1,1,1,0,1,1,1,0,0,1,1,0,1,1,0,1,1,0,1,1,1,0,0,0,1,1,1,1,0,1,1,1,1,0,1,1,0,0,29656.4
0,1,1,0,1,1,0,1,1,0,1,0,0,1,1,0,0,1,1,0,0,1,0,1,0,1,0,1,1,1,0,1,1,0,0,1,0,0,1,30804.0
0,1,1,1,0,0,1,1,0,0,1,1,1,1,1,0,0,1,0,0,1,1,0,0,1,1,1,1,1,0,1,1,0,1,0,1,1,0,0,18404.8
0,1,1,0,0,1,0,1,1,1,1,0,0,1,1,1,1,1,0,1,1,1,1,0,0,1,0,1,1,0,0,1,1,1,0,1,1,0,1,30710.4
0,1,1,0,1,1,0,0,1,1,1,1,0,1,1,0,0,1,1,1,0,1,1,0,0,1,0,1,1,0,1,1,0,0,0,1,0,1,1,16171.6
0,1,1,0,1,1,1,1,1,1,1,0,0,1,1,0,1,1,0,0,0,1,0,0,0,1,1,1,1,0,1,1,0,1,0,1,1,0,1,30624.8
0,1,1,0,1,1,0,0,1,0,1,1,1,1,1,1,0,1,1,0,0,1,0,0,1,1,1,1,1,0,0,1,0,1,0,1,0,0,1,16200.8
0,1,1,0,1,1,0,0,0,1,1,0,0,1,1,0,1,1,1,1,0,1,0,0,0,0,0,1,1,1,0,1,0,0,0,1,0,0,1,28392.0
0,1,1,0,0,0,1,1,0,0,1,0,1,1,1,1,0,1,0,1,1,1,0,1,0,0,1,1,0,0,0,1,1,0,0,1,1,0,1,28384.4
1,1,1,0,0,1,1,1,1,0,1,0,1,1,1,0,0,1,0,0,1,1,1,0,0,0,0,1,1,0,0,1,0,0,0,1,0,1,1,14120.8
1,1,1,0,0,0,0,1,0,0,1,0,1,1,1,0,0,1,0,0,1,1,0,0,0,1,1,1,0,0,0,1,0,1,0,1,0,1,1,14024.4
0,1,1,0,0,1,0,1,0,0,1,1,1,1,1,1,1,1,1,1,1,1,1,0,0,1,0,1,0,0,0,1,1,0,0,1,0,0,1,29612.0
0,1,1,0,1,0,0,1,1,1,1,0,1,1,1,1,1,1,0,0,0,1,1,0,0,0,0,1,0,0,1,1,1,0,0,1,1,0,1,30735.2
1,1,1,0,0,0,1,0,1,1,1,1,0,1,1,1,0,1,0,0,1,1,0,1,0,0,1,1,1,0,0,1,1,0,0,1,0,0,1,32347.6
0,1,1,0,0,0,1,1,0,1,1,0,1,1,1,0,0,1,1,1,1,1,0,1,0,0,1,1,1,0,0,1,1,1,0,1,0,0,1,28400.4
0,1,1,1,0,0,0,0,0,1,1,1,0,1,1,1,0,1,0,0,1,1,0,1,0,0,1,1,0,0,1,1,0,0,0,1,1,0,0,29676.0
0,1,1,0,1,1,0,1,0,0,1,1,1,1,1,0,1,1,0,1,0,1,1,0,0,1,0,1,1,0,0,1,0,0,0,1,1,0,1,29611.6
0,1,1,1,1,0,1,0,0,0,1,0,1,1,1,1,1,1,0,0,0,1,1,0,0,1,0,1,0,0,0,1,1,0,0,1,1,0,0,28447.6
1,1,1,0,1,0,0,0,0,0,1,0,0,1,1,1,0,1,0,1,0,1,0,0,0,0,1,1,0,0,0,1,0,0,0,1,0,1,1,14012.4
0,1,1,1,1,0,0,0,0,1,1,1,0,1,1,0,0,1,1,0,0,1,1,0,0,1,0,1,0,0,1,1,0,1,0,1,0,1,0,15816.8
0,1,1,0,0,1,0,0,1,1,1,0,1,1,1,1,0,1,1,0,1,1,1,1,0,1,0,1,1,0,1,1,1,0,0,1,0,0,1,30731.2
0,1,1,1,0,0,0,0,1,1,1,1,1,1,1,1,0,1,1,0,1,1,1,1,0,0,0,1,1,0,1,1,1,1,0,1,0,0,0,32468.4
0,1,1,0,0,0,0,0,0,1,1,0,1,1,1,0,0,1,1,1,1,1,1,0,0,1,0,1,1,0,1,1,0,1,0,1,0,1,1,15251.2
0,1,1,0,0,0,0,1,0,1,1,1,1,1,1,0,0,1,0,0,1,1,0,1,0,1,0,1,1,1,0,1,0,0,0,1,1,0,1,29571.6
1,1,1,0,0,0,1,1,1,0,1,1,1,1,1,0,0,1,0,0,1,1,0,1,0,1,0,1,1,1,0,1,0,1,0,1,0,0,1,32415.2
1,1,1,0,0,1,1,0,0,1,1,0,1,1,1,0,0,1,0,0,1,1,1,1,0,0,0,1,0,0,1,1,0,1,0,1,0,0,1,28384.0
0,1,1,0,0,0,1,0,1,0,1,0,0,1,1,0,0,1,0,1,1,1,0,0,1,0,1,1,1,0,0,1,1,1,0,1,1,0,1,18720.4
0,1,1,0,0,1,1,0,0,1,1,1,0,1,1,1,0,1,1,0,1,1,0,1,0,1,1,1,1,0,0,1,1,1,0,1,0,0,1,29588.4
1,1,1,0,1,1,0,1,0,0,1,1,1,1,1,0,0,1,0,1,0,1,1,0,1,1,0,1,1,0,0,1,1,0,0,1,0,0,1,14568.4
0,1,1,0,0,0,0,1,1,1,1,1,0,1,1,0,0,1,1,0,1,1,1,0,1,1,0,1,0,0,1,1,1,0,0,1,0,0,1,16154.4
0,1,1,0,1,1,1,1,1,0,1,1,1,1,1,0,1,1,0,0,0,1,1,0,0,1,0,1,1,0,1,1,0,0,0,1,1,0,1,32356.0
1,1,1,0,1,0,1,0,0,0,1,1,1,1,1,0,0,1,0,0,0,1,0,1,0,0,1,1,0,0,0,1,0,1,0,1,0,0,1,29575.6
0,1,1,0,0,0,1,0,0,1,1,1,0,1,1,1,0,1,0,1,1,1,0,0,0,0,0,1,1,0,0,1,1,0,1,1,1,1,1,18380.0
0,1,1,0,0,1,0,1,0,1,1,1,0,1,1,0,0,1,1,1,1,1,1,1,0,0,0,1,1,0,0,1,1,1,0,1,0,0,1,29628.0
0,1,1,0,0,1,1,0,1,1,1,1,0,1,1,0,1,1,0,1,1,1,0,0,0,0,0,1,0,1,0,1,0,1,0,1,1,0,1,32323.6
0,1,1,0,0,1,0,0,1,0,1,0,0,1,1,0,0,1,1,1,1,1,0,1,0,1,1,1,1,0,1,1,0,0,0,1,0,0,1,30820.4
1,1,1,0,1,0,0,0,1,0,1,1,0,1,1,0,1,1,0,0,0,1,1,0,0,1,0,1,1,0,0,1,0,0,0,1,0,0,1,32330.4
0,1,1,0,0,1,1,1,0,0,1,0,0,1,1,0,0,1,0,0,1,1,1,0,1,0,0,1,0,0,0,1,0,1,0,1,1,0,1,17748.4
0,1,1,1,1,0,0,0,0,0,1,0,0,1,1,0,1,1,0,1,0,1,1,0,0,0,0,1,1,0,0,1,0,1,0,1,1,0,0,28452.0
0,1,1,0,0,0,0,0,0,0,1,0,0,1,1,0,0,1,0,1,1,1,1,1,0,0,0,1,1,0,0,1,0,0,0,1,1,0,1,28392.0
0,1,1,1,0,1,0,0,1,1,1,0,0,1,1,1,1,1,0,0,1,1,1,0,0,1,0,1,0,0,1,1,1,0,0,1,1,0,0,30840.4
0,1,1,0,1,0,0,0,0,1,1,0,1,1,1,1,0,1,1,1,0,1,0,1,0,0,1,1,0,0,1,1,1,1,0,1,0,0,1,28376.0
0,1,1,1,0,1,1,0,0,0,1,0,0,1,1,1,1,1,1,0,1,1,1,0,0,0,0,1,1,0,1,1,0,0,0,1,0,0,0,28456.8
0,1,1,0,0,0,0,1,1,1,1,0,1,1,0,0,0,1,0,1,1,1,0,0,0,0,1,1,1,0,1,1,0,1,0,1,1,0,1,18716.8
0,1,1,0,1,0,1,0,1,1,1,1,0,1,1,1,0,1,1,1,0,1,0,0,1,1,1,1,1,0,0,1,0,1,0,1,0,0,1,16144.8
0,1,1,1,0,0,1,1,0,1,1,0,0,1,1,1,1,1,0,1,1,1,0,0,0,0,1,1,1,0,1,1,0,1,0,1,1,0,0,28448.4
0,1,1,0,1,0,0,1,0,1,1,0,0,1,1,1,0,1,1,1,0,1,1,0,0,1,0,1,0,0,0,1,0,0,0,1,0,1,1,15029.6
0,1,1,0,1,0,1,0,0,1,1,0,1,1,1,1,1,1,0,0,0,1,1,0,0,1,0,1,1,0,1,1,1,1,0,1,1,0,1,28384.4
0,1,1,0,0,1,0,0,0,0,1,0,1,1,1,1,1,1,1,0,1,1,1,0,0,0,0,1,0,0,1,1,0,1,0,1,0,0,1,28390.4
1,1,1,0,0,0,0,1,0,0,1,1,1,1,1,0,0,1,0,0,1,1,1,0,0,0,0,1,0,0,0,1,0,1,0,1,0,1,1,14580.8
0,1,1,1,0,0,1,1,0,0,1,0,0,1,1,1,1,1,0,1,1,1,0,0,0,0,0,1,1,1,0,1,0,1,0,1,1,0,0,28452.4
0,1,1,0,1,0,1,1,1,0,1,1,1,1,1,0,0,1,1,0,0,1,0,0,0,1,0,1,1,1,0,1,0,1,0,1,0,1,1,16187.2
0,1,1,0,0,1,0,0,1,0,1,0,0,1,1,1,0,1,0,0,1,1,0,1,0,1,1,1,1,0,1,1,1,1,0,1,1,0,1,30612.8
0,1,1,0,0,0,0,0,1,1,1,1,0,1,1,0,1,1,1,1,1,1,1,0,0,0,0,1,1,0,1,1,1,1,0,1,0,0,1,32356.0
0,1,1,0,0,1,1,0,0,0,1,0,0,1,1,0,0,1,1,0,1,1,0,1,0,0,0,1,0,1,0,1,0,1,0,1,0,0,1,28388.0
0,1,1,0,0,0,1,0,0,1,1,1,1,1,1,1,1,1,1,0,1,1,0,0,0,0,0,1,0,0,0,1,0,0,1,1,0,0,1,29624.0
0,1,1,0,0,0,1,0,1,1,1,0,1,1,1,1,1,1,0,1,1,1,0,0,0,0,0,1,1,1,0,1,1,1,0,1,1,0,1,30740.8
0,1,1,0,0,0,0,1,0,0,1,0,0,1,1,1,1,1,0,0,1,1,0,0,0,1,0,1,1,1,1,1,0,0,0,1,1,0,1,28404.0
0,1,1,0,1,0,1,0,0,1,1,1,1,1,1,0,0,1,0,0,0,1,0,1,0,1,0,1,1,1,1,1,0,1,0,1,1,0,1,29588.0
0,1,1,1,0,1,0,0,0,0,1,1,1,1,1,1,0,1,1,1,1,1,0,0,0,0,1,1,0,0,1,1,1,1,0,1,0,1,0,15796.0
0,1,1,0,1,1,0,1,1,1,1,0,0,1,1,1,0,1,1,1,0,1,1,1,0,0,0,1,0,0,1,1,0,0,0,1,0,0,1,30719.2
0,1,1,0,1,0,0,0,0,1,1,0,1,1,1,1,0,1,0,0,0,1,0,0,0,0,0,1,1,1,1,1,0,0,0,1,1,1,1,17800.8
0,1,1,0,1,0,1,1,1,1,1,0,0,1,1,1,1,1,1,0,0,1,1,0,0,0,0,1,1,0,1,1,0,1,0,1,0,0,1,30731.2
0,1,1,0,0,1,1,1,1,0,1,0,1,1,1,1,0,1,1,1,1,1,0,0,1,1,0,1,1,1,1,1,0,1,0,1,0,0,1,15517.6
0,1,1,1,1,1,1,1,0,0,1,1,1,1,1,0,0,1,1,1,0,1,0,1,0,1,0,1,1,0,0,1,0,0,1,1,0,0,0,29561.6
0,1,1,1,0,1,0,0,0,0,1,0,1,1,1,1,1,1,1,0,1,1,0,0,0,1,0,1,0,1,0,1,0,1,0,1,0,0,0,28451.6
0,1,1,0,0,0,0,1,1,1,1,0,1,1,1,1,1,1,1,0,1,1,1,0,0,0,0,1,1,0,0,1,1,0,0,1,0,0,1,30824.0
0,1,1,0,0,1,0,0,1,0,1,1,1,1,1,1,0,1,0,0,1,1,0,1,0,0,0,1,1,0,1,1,1,0,1,1,1,0,1,32428.0
1,1,1,0,1,0,1,1,1,1,1,1,0,1,1,1,0,1,0,1,0,1,0,0,1,1,1,1,1,0,1,1,0,0,0,1,0,0,1,14616.4
0,1,1,0,1,1,0,1,0,0,1,1,0,1,1,0,0,1,0,1,0,1,0,0,0,0,1,1,1,0,1,1,0,1,0,1,1,1,1,18412.4
0,1,1,1,0,0,0,0,0,1,1,1,1,1,1,1,0,1,0,0,1,1,0,0,1,1,0,1,0,1,1,1,0,1,0,1,1,0,0,18405.2
1,1,1,0,1,0,1,0,1,1,1,0,0,1,1,0,0,1,0,1,0,1,1,0,1,0,0,1,0,0,1,1,0,0,0,1,0,0,1,14117.6
0,0,0,0,0,0,0,0,0,0,0,0,0,0,0,0,0,0,0,0,0,0,0,0,0,0,0,0,0,0,0,0,0,0,0,0,0,0,0,15232.0